Id,ActivityDate,TotalSteps,TotalDistance,TrackerDistance,LoggedActivitiesDistance,VeryActiveDistance,ModeratelyActiveDistance,LightActiveDistance,SedentaryActiveDistance,VeryActiveMinutes,FairlyActiveMinutes,LightlyActiveMinutes,SedentaryMinutes,Calories,date,TotalMinutesAsleep,TotalTimeInBed,TotalIntensity,AverageIntensity,avg_heartrate,max_heartrate,min_heartrate,WeightKg,BMI
1503960366,2016-04-12,13162,8.5,8.5,0.0,1.87999999523163,0.550000011920929,6.05999994277954,0.0,25,13,328,728,1985,2016-04-12,327.0,346.0,429.0,0.29791666666666666,0.0,0.0,0.0,0.0,0.0
1503960366,2016-04-13,10735,6.96999979019165,6.96999979019165,0.0,1.57000005245209,0.689999997615814,4.71000003814697,0.0,21,19,217,776,1797,2016-04-13,384.0,407.0,318.0,0.220833375,0.0,0.0,0.0,0.0,0.0
1503960366,2016-04-14,10460,6.73999977111816,6.73999977111816,0.0,2.44000005722046,0.400000005960464,3.91000008583069,0.0,30,11,181,1218,1776,2016-04-14,0.0,0.0,293.0,0.20347225,0.0,0.0,0.0,0.0,0.0
1503960366,2016-04-15,9762,6.28000020980835,6.28000020980835,0.0,2.14000010490417,1.25999999046326,2.82999992370605,0.0,29,34,209,726,1745,2016-04-15,412.0,442.0,364.0,0.25277770833333335,0.0,0.0,0.0,0.0,0.0
1503960366,2016-04-16,12669,8.15999984741211,8.15999984741211,0.0,2.71000003814697,0.409999996423721,5.03999996185303,0.0,36,10,221,773,1863,2016-04-16,340.0,367.0,349.0,0.24236112499999998,0.0,0.0,0.0,0.0,0.0
1503960366,2016-04-17,9705,6.48000001907349,6.48000001907349,0.0,3.19000005722046,0.779999971389771,2.50999999046326,0.0,38,20,164,539,1728,2016-04-17,700.0,712.0,318.0,0.22083333333333333,0.0,0.0,0.0,0.0,0.0
1503960366,2016-04-18,13019,8.59000015258789,8.59000015258789,0.0,3.25,0.639999985694885,4.71000003814697,0.0,42,16,233,1149,1921,2016-04-18,0.0,0.0,391.0,0.27152775,0.0,0.0,0.0,0.0,0.0
1503960366,2016-04-19,15506,9.88000011444092,9.88000011444092,0.0,3.52999997138977,1.32000005245209,5.03000020980835,0.0,50,31,264,775,2035,2016-04-19,304.0,320.0,476.0,0.3305556666666667,0.0,0.0,0.0,0.0,0.0
1503960366,2016-04-20,10544,6.67999982833862,6.67999982833862,0.0,1.96000003814697,0.479999989271164,4.23999977111816,0.0,28,12,205,818,1786,2016-04-20,360.0,377.0,313.0,0.21736104166666667,0.0,0.0,0.0,0.0,0.0
1503960366,2016-04-21,9819,6.34000015258789,6.34000015258789,0.0,1.3400000333786,0.349999994039536,4.65000009536743,0.0,19,8,211,838,1775,2016-04-21,325.0,364.0,284.0,0.197222125,0.0,0.0,0.0,0.0,0.0
1503960366,2016-04-22,12764,8.13000011444092,8.13000011444092,0.0,4.76000022888184,1.12000000476837,2.24000000953674,0.0,66,27,130,1217,1827,2016-04-22,0.0,0.0,382.0,0.2652778333333333,0.0,0.0,0.0,0.0,0.0
1503960366,2016-04-23,14371,9.03999996185303,9.03999996185303,0.0,2.80999994277954,0.870000004768372,5.3600001335144,0.0,41,21,262,732,1949,2016-04-23,361.0,384.0,427.0,0.29652775000000003,0.0,0.0,0.0,0.0,0.0
1503960366,2016-04-24,10039,6.40999984741211,6.40999984741211,0.0,2.92000007629395,0.209999993443489,3.27999997138977,0.0,39,5,238,709,1788,2016-04-24,430.0,449.0,365.0,0.25347225,0.0,0.0,0.0,0.0,0.0
1503960366,2016-04-25,15355,9.80000019073486,9.80000019073486,0.0,5.28999996185303,0.569999992847443,3.94000005722046,0.0,73,14,216,814,2013,2016-04-25,277.0,323.0,463.0,0.3215277916666667,0.0,0.0,0.0,0.0,0.0
1503960366,2016-04-26,13755,8.78999996185303,8.78999996185303,0.0,2.32999992370605,0.920000016689301,5.53999996185303,0.0,31,23,279,833,1970,2016-04-26,245.0,274.0,418.0,0.2902777916666667,0.0,0.0,0.0,0.0,0.0
1503960366,2016-04-27,18134,12.210000038147,12.210000038147,0.0,6.40000009536743,0.409999996423721,5.40999984741211,0.0,78,11,243,1108,2159,2016-04-27,0.0,0.0,499.0,0.34652779166666664,0.0,0.0,0.0,0.0,0.0
1503960366,2016-04-28,13154,8.52999973297119,8.52999973297119,0.0,3.53999996185303,1.1599999666214,3.78999996185303,0.0,48,28,189,782,1898,2016-04-28,366.0,393.0,389.0,0.270138875,0.0,0.0,0.0,0.0,0.0
1503960366,2016-04-29,11181,7.15000009536743,7.15000009536743,0.0,1.05999994277954,0.5,5.57999992370605,0.0,16,12,243,815,1837,2016-04-29,341.0,354.0,315.0,0.21875,0.0,0.0,0.0,0.0,0.0
1503960366,2016-04-30,14673,9.25,9.25,0.0,3.55999994277954,1.41999995708466,4.26999998092651,0.0,52,34,217,712,1947,2016-04-30,404.0,425.0,441.0,0.30625004166666664,0.0,0.0,0.0,0.0,0.0
1503960366,2016-05-01,10602,6.80999994277954,6.80999994277954,0.0,2.28999996185303,1.60000002384186,2.92000007629395,0.0,33,35,246,730,1820,2016-05-01,369.0,396.0,415.0,0.28819445833333335,0.0,0.0,0.0,0.0,0.0
1503960366,2016-05-02,14727,9.71000003814697,9.71000003814697,0.0,3.21000003814697,0.569999992847443,5.92000007629395,0.0,41,15,277,798,2004,2016-05-02,277.0,309.0,430.0,0.2986112083333333,0.0,0.0,0.0,52.5999984741211,22.6499996185303
1503960366,2016-05-03,15103,9.65999984741211,9.65999984741211,0.0,3.73000001907349,1.04999995231628,4.88000011444092,0.0,50,24,254,816,1990,2016-05-03,273.0,296.0,452.0,0.313888875,0.0,0.0,0.0,52.5999984741211,22.6499996185303
1503960366,2016-05-04,11100,7.15000009536743,7.15000009536743,0.0,2.46000003814697,0.870000004768372,3.8199999332428,0.0,36,22,203,1179,1819,2016-05-04,0.0,0.0,355.0,0.2465277916666667,0.0,0.0,0.0,0.0,0.0
1503960366,2016-05-05,14070,8.89999961853027,8.89999961853027,0.0,2.92000007629395,1.08000004291534,4.88000011444092,0.0,45,24,250,857,1959,2016-05-05,247.0,264.0,433.0,0.30069445833333336,0.0,0.0,0.0,0.0,0.0
1503960366,2016-05-06,12159,8.02999973297119,8.02999973297119,0.0,1.97000002861023,0.25,5.80999994277954,0.0,24,6,289,754,1896,2016-05-06,334.0,367.0,373.0,0.25902787499999996,0.0,0.0,0.0,0.0,0.0
1503960366,2016-05-07,11992,7.71000003814697,7.71000003814697,0.0,2.46000003814697,2.11999988555908,3.13000011444092,0.0,37,46,175,833,1821,2016-05-07,331.0,349.0,378.0,0.2625000416666667,0.0,0.0,0.0,0.0,0.0
1503960366,2016-05-08,10060,6.57999992370605,6.57999992370605,0.0,3.52999997138977,0.319999992847443,2.73000001907349,0.0,44,8,203,574,1740,2016-05-08,594.0,611.0,351.0,0.24375,0.0,0.0,0.0,0.0,0.0
1503960366,2016-05-09,12022,7.71999979019165,7.71999979019165,0.0,3.45000004768372,0.529999971389771,3.74000000953674,0.0,46,11,206,835,1819,2016-05-09,338.0,342.0,366.0,0.25416679166666667,0.0,0.0,0.0,0.0,0.0
1503960366,2016-05-10,12207,7.76999998092651,7.76999998092651,0.0,3.34999990463257,1.1599999666214,3.25999999046326,0.0,46,31,214,746,1859,2016-05-10,383.0,403.0,414.0,0.2875,0.0,0.0,0.0,0.0,0.0
1503960366,2016-05-11,12770,8.13000011444092,8.13000011444092,0.0,2.55999994277954,1.00999999046326,4.55000019073486,0.0,36,23,251,669,1783,2016-05-11,285.0,306.0,393.0,0.3119048095238095,0.0,0.0,0.0,0.0,0.0
1624580081,2016-04-12,8163,5.30999994277954,5.30999994277954,0.0,0.0,0.0,5.30999994277954,0.0,0,0,146,1294,1432,2016-04-12,0.0,0.0,146.0,0.10138891666666666,0.0,0.0,0.0,0.0,0.0
1624580081,2016-04-13,7007,4.55000019073486,4.55000019073486,0.0,0.0,0.0,4.55000019073486,0.0,0,0,148,1292,1411,2016-04-13,0.0,0.0,148.0,0.10277775,0.0,0.0,0.0,0.0,0.0
1624580081,2016-04-14,9107,5.92000007629395,5.92000007629395,0.0,0.0,0.0,5.90999984741211,0.0099999997764825,0,0,236,1204,1572,2016-04-14,0.0,0.0,236.0,0.16388895833333333,0.0,0.0,0.0,0.0,0.0
1624580081,2016-04-15,1510,0.980000019073486,0.980000019073486,0.0,0.0,0.0,0.970000028610229,0.0,0,0,96,1344,1344,2016-04-15,0.0,0.0,96.0,0.06666670833333334,0.0,0.0,0.0,0.0,0.0
1624580081,2016-04-16,5370,3.49000000953674,3.49000000953674,0.0,0.0,0.0,3.49000000953674,0.0,0,0,176,1264,1463,2016-04-16,0.0,0.0,176.0,0.12222220833333335,0.0,0.0,0.0,0.0,0.0
1624580081,2016-04-17,6175,4.05999994277954,4.05999994277954,0.0,1.02999997138977,1.51999998092651,1.49000000953674,0.0099999997764825,15,22,127,1276,1554,2016-04-17,0.0,0.0,216.0,0.15000004166666667,0.0,0.0,0.0,0.0,0.0
1624580081,2016-04-18,10536,7.40999984741211,7.40999984741211,0.0,2.15000009536743,0.620000004768372,4.61999988555908,0.0099999997764825,17,7,202,1214,1604,2016-04-18,0.0,0.0,267.0,0.18541675,0.0,0.0,0.0,0.0,0.0
1624580081,2016-04-19,2916,1.89999997615814,1.89999997615814,0.0,0.0,0.0,1.89999997615814,0.0,0,0,141,1299,1435,2016-04-19,0.0,0.0,141.0,0.09791675,0.0,0.0,0.0,0.0,0.0
1624580081,2016-04-20,4974,3.23000001907349,3.23000001907349,0.0,0.0,0.0,3.23000001907349,0.0,0,0,151,1289,1446,2016-04-20,0.0,0.0,151.0,0.104861125,0.0,0.0,0.0,0.0,0.0
1624580081,2016-04-21,6349,4.13000011444092,4.13000011444092,0.0,0.0,0.0,4.1100001335144,0.0199999995529652,0,0,186,1254,1467,2016-04-21,0.0,0.0,186.0,0.129166625,0.0,0.0,0.0,0.0,0.0
1624580081,2016-04-22,4026,2.61999988555908,2.61999988555908,0.0,0.0,0.0,2.59999990463257,0.0,0,0,199,1241,1470,2016-04-22,0.0,0.0,199.0,0.1381945,0.0,0.0,0.0,0.0,0.0
1624580081,2016-04-23,8538,5.55000019073486,5.55000019073486,0.0,0.0,0.0,5.53999996185303,0.0099999997764825,0,0,227,1213,1562,2016-04-23,0.0,0.0,227.0,0.1576388333333333,0.0,0.0,0.0,0.0,0.0
1624580081,2016-04-24,6076,3.95000004768372,3.95000004768372,0.0,1.14999997615814,0.910000026226044,1.88999998569489,0.0,16,18,185,1221,1617,2016-04-24,0.0,0.0,269.0,0.18680549999999999,0.0,0.0,0.0,0.0,0.0
1624580081,2016-04-25,6497,4.21999979019165,4.21999979019165,0.0,0.0,0.0,4.19999980926514,0.0199999995529652,0,0,202,1238,1492,2016-04-25,0.0,0.0,202.0,0.14027779166666668,0.0,0.0,0.0,0.0,0.0
1624580081,2016-04-26,2826,1.8400000333786,1.8400000333786,0.0,0.0,0.0,1.83000004291534,0.0099999997764825,0,0,140,1300,1402,2016-04-26,0.0,0.0,140.0,0.09722229166666667,0.0,0.0,0.0,0.0,0.0
1624580081,2016-04-27,8367,5.44000005722046,5.44000005722046,0.0,1.11000001430511,1.87000000476837,2.46000003814697,0.0,17,36,154,1233,1670,2016-04-27,0.0,0.0,277.0,0.19236116666666667,0.0,0.0,0.0,0.0,0.0
1624580081,2016-04-28,2759,1.78999996185303,1.78999996185303,0.0,0.0,0.200000002980232,1.60000002384186,0.0,0,5,115,1320,1401,2016-04-28,0.0,0.0,125.0,0.08680558333333332,0.0,0.0,0.0,0.0,0.0
1624580081,2016-04-29,2390,1.54999995231628,1.54999995231628,0.0,0.0,0.0,1.54999995231628,0.0,0,0,150,1290,1404,2016-04-29,0.0,0.0,150.0,0.10416670833333334,0.0,0.0,0.0,0.0,0.0
1624580081,2016-04-30,6474,4.30000019073486,4.30000019073486,0.0,0.899999976158142,1.27999997138977,2.11999988555908,0.0099999997764825,11,23,224,1182,1655,2016-04-30,0.0,0.0,303.0,0.21041670833333334,0.0,0.0,0.0,0.0,0.0
1624580081,2016-05-01,36019,28.0300006866455,28.0300006866455,0.0,21.9200000762939,4.19000005722046,1.9099999666214,0.0199999995529652,186,63,171,1020,2690,2016-05-01,0.0,0.0,855.0,0.5937500416666667,0.0,0.0,0.0,0.0,0.0
1624580081,2016-05-02,7155,4.92999982833862,4.92999982833862,0.0,0.860000014305115,0.589999973773956,3.47000002861023,0.0,7,6,166,1261,1497,2016-05-02,0.0,0.0,199.0,0.13819441666666668,0.0,0.0,0.0,0.0,0.0
1624580081,2016-05-03,2100,1.37000000476837,1.37000000476837,0.0,0.0,0.0,1.3400000333786,0.0199999995529652,0,0,96,1344,1334,2016-05-03,0.0,0.0,96.0,0.06666675,0.0,0.0,0.0,0.0,0.0
1624580081,2016-05-04,2193,1.42999994754791,1.42999994754791,0.0,0.0,0.0,1.41999995708466,0.0,0,0,118,1322,1368,2016-05-04,0.0,0.0,118.0,0.0819445,0.0,0.0,0.0,0.0,0.0
1624580081,2016-05-05,2470,1.61000001430511,1.61000001430511,0.0,0.0,0.0,1.58000004291534,0.0199999995529652,0,0,117,1323,1370,2016-05-05,0.0,0.0,117.0,0.08125008333333333,0.0,0.0,0.0,0.0,0.0
1624580081,2016-05-06,1727,1.12000000476837,1.12000000476837,0.0,0.0,0.0,1.12000000476837,0.0099999997764825,0,0,102,1338,1341,2016-05-06,0.0,0.0,102.0,0.07083333333333333,0.0,0.0,0.0,0.0,0.0
1624580081,2016-05-07,2104,1.37000000476837,1.37000000476837,0.0,0.0,0.0,1.37000000476837,0.0,0,0,182,1258,1474,2016-05-07,0.0,0.0,182.0,0.12638895833333333,0.0,0.0,0.0,0.0,0.0
1624580081,2016-05-08,3427,2.23000001907349,2.23000001907349,0.0,0.0,0.0,2.22000002861023,0.0,0,0,152,1288,1427,2016-05-08,0.0,0.0,152.0,0.105555625,0.0,0.0,0.0,0.0,0.0
1624580081,2016-05-09,1732,1.12999999523163,1.12999999523163,0.0,0.0,0.0,1.12999999523163,0.0,0,0,91,1349,1328,2016-05-09,0.0,0.0,91.0,0.0631945,0.0,0.0,0.0,0.0,0.0
1624580081,2016-05-10,2969,1.92999994754791,1.92999994754791,0.0,0.0,0.0,1.91999995708466,0.0099999997764825,0,0,139,1301,1393,2016-05-10,0.0,0.0,139.0,0.096527875,0.0,0.0,0.0,0.0,0.0
1624580081,2016-05-11,3134,2.03999996185303,2.03999996185303,0.0,0.0,0.0,2.03999996185303,0.0,0,0,112,1328,1359,2016-05-11,0.0,0.0,112.0,0.07777787500000001,0.0,0.0,0.0,0.0,0.0
1624580081,2016-05-12,2971,1.92999994754791,1.92999994754791,0.0,0.0,0.0,1.91999995708466,0.0099999997764825,0,0,107,890,1002,2016-05-12,0.0,0.0,99.0,0.103125,0.0,0.0,0.0,0.0,0.0
1644430081,2016-04-12,10694,7.76999998092651,7.76999998092651,0.0,0.140000000596046,2.29999995231628,5.32999992370605,0.0,2,51,256,1131,3199,2016-04-12,0.0,0.0,364.0,0.25277775,0.0,0.0,0.0,0.0,0.0
1644430081,2016-04-13,8001,5.82000017166138,5.82000017166138,0.0,2.27999997138977,0.899999976158142,2.64000010490417,0.0,30,16,135,1259,2902,2016-04-13,0.0,0.0,257.0,0.17847225,0.0,0.0,0.0,0.0,0.0
1644430081,2016-04-14,11037,8.02000045776367,8.02000045776367,0.0,0.360000014305115,2.55999994277954,5.09999990463257,0.0,5,58,252,1125,3226,2016-04-14,0.0,0.0,383.0,0.26597224999999997,0.0,0.0,0.0,0.0,0.0
1644430081,2016-04-15,5263,3.82999992370605,3.82999992370605,0.0,0.219999998807907,0.150000005960464,3.45000004768372,0.0,3,4,170,1263,2750,2016-04-15,0.0,0.0,187.0,0.129861125,0.0,0.0,0.0,0.0,0.0
1644430081,2016-04-16,15300,11.1199998855591,11.1199998855591,0.0,4.09999990463257,1.87999999523163,5.09000015258789,0.0,51,42,212,1135,3493,2016-04-16,0.0,0.0,449.0,0.3118055,0.0,0.0,0.0,0.0,0.0
1644430081,2016-04-17,8757,6.36999988555908,6.36999988555908,0.0,2.25,0.569999992847443,3.54999995231628,0.0,29,13,186,1212,3011,2016-04-17,0.0,0.0,299.0,0.207638875,0.0,0.0,0.0,0.0,0.0
1644430081,2016-04-18,7132,5.19000005722046,5.19000005722046,0.0,1.07000005245209,1.66999995708466,2.45000004768372,0.0,15,33,121,1271,2806,2016-04-18,0.0,0.0,232.0,0.16111108333333332,0.0,0.0,0.0,0.0,0.0
1644430081,2016-04-19,11256,8.18000030517578,8.18000030517578,0.0,0.360000014305115,2.52999997138977,5.30000019073486,0.0,5,58,278,1099,3300,2016-04-19,0.0,0.0,385.0,0.26736112500000003,0.0,0.0,0.0,0.0,0.0
1644430081,2016-04-20,2436,1.76999998092651,1.76999998092651,0.0,0.0,0.0,1.75999999046326,0.0099999997764825,0,0,125,1315,2430,2016-04-20,0.0,0.0,125.0,0.0868055,0.0,0.0,0.0,0.0,0.0
1644430081,2016-04-21,1223,0.889999985694885,0.889999985694885,0.0,0.0,0.0,0.879999995231628,0.0099999997764825,0,0,38,1402,2140,2016-04-21,0.0,0.0,38.0,0.026388916666666668,0.0,0.0,0.0,0.0,0.0
1644430081,2016-04-22,3673,2.67000007629395,2.67000007629395,0.0,0.0,0.0,2.66000008583069,0.0099999997764825,0,0,86,1354,2344,2016-04-22,0.0,0.0,86.0,0.05972225,0.0,0.0,0.0,0.0,0.0
1644430081,2016-04-23,6637,4.82999992370605,4.82999992370605,0.0,0.0,0.579999983310699,4.25,0.0,0,15,160,1265,2677,2016-04-23,0.0,0.0,190.0,0.1319445,0.0,0.0,0.0,0.0,0.0
1644430081,2016-04-24,3321,2.41000008583069,2.41000008583069,0.0,0.0,0.0,2.41000008583069,0.0,0,0,89,1351,2413,2016-04-24,0.0,0.0,89.0,0.061805625,0.0,0.0,0.0,0.0,0.0
1644430081,2016-04-25,3580,2.59999990463257,2.59999990463257,0.0,0.589999973773956,0.0599999986588955,1.95000004768372,0.0,8,1,94,1337,2497,2016-04-25,0.0,0.0,120.0,0.08333333333333333,0.0,0.0,0.0,0.0,0.0
1644430081,2016-04-26,9919,7.21000003814697,7.21000003814697,0.0,0.800000011920929,1.72000002861023,4.69000005722046,0.0,11,41,223,1165,3123,2016-04-26,0.0,0.0,338.0,0.23472220833333335,0.0,0.0,0.0,0.0,0.0
1644430081,2016-04-27,3032,2.20000004768372,2.20000004768372,0.0,0.0,0.0,2.20000004768372,0.0,0,0,118,1322,2489,2016-04-27,0.0,0.0,118.0,0.0819445,0.0,0.0,0.0,0.0,0.0
1644430081,2016-04-28,9405,6.84000015258789,6.84000015258789,0.0,0.200000002980232,2.3199999332428,4.30999994277954,0.0,3,53,227,1157,3108,2016-04-28,0.0,0.0,342.0,0.23750000000000002,0.0,0.0,0.0,0.0,0.0
1644430081,2016-04-29,3176,2.30999994277954,2.30999994277954,0.0,0.0,0.0,2.30999994277954,0.0,0,0,120,1193,2498,2016-04-29,119.0,127.0,120.0,0.083333375,0.0,0.0,0.0,0.0,0.0
1644430081,2016-04-30,18213,13.2399997711182,13.2399997711182,0.0,0.629999995231628,3.14000010490417,9.46000003814697,0.0,9,71,402,816,3846,2016-04-30,124.0,142.0,571.0,0.3965278333333333,0.0,0.0,0.0,0.0,0.0
1644430081,2016-05-01,6132,4.46000003814697,4.46000003814697,0.0,0.239999994635582,0.990000009536743,3.23000001907349,0.0,3,24,146,908,2696,2016-05-01,0.0,0.0,203.0,0.14097216666666668,0.0,0.0,0.0,0.0,0.0
1644430081,2016-05-02,3758,2.73000001907349,2.73000001907349,0.0,0.0700000002980232,0.310000002384186,2.34999990463257,0.0,1,7,148,682,2580,2016-05-02,796.0,961.0,142.0,0.09861116666666665,0.0,0.0,0.0,0.0,0.0
1644430081,2016-05-03,12850,9.34000015258789,9.34000015258789,0.0,0.720000028610229,4.09000015258789,4.53999996185303,0.0,10,94,221,1115,3324,2016-05-03,0.0,0.0,436.0,0.30277783333333336,0.0,0.0,0.0,0.0,0.0
1644430081,2016-05-04,2309,1.67999994754791,1.67999994754791,0.0,0.0,0.0,1.6599999666214,0.0199999995529652,0,0,52,1388,2222,2016-05-04,0.0,0.0,52.0,0.036111125,0.0,0.0,0.0,0.0,0.0
1644430081,2016-05-05,4363,3.19000005722046,3.19000005722046,0.0,0.519999980926514,0.540000021457672,2.13000011444092,0.0099999997764825,6,12,81,1341,2463,2016-05-05,0.0,0.0,123.0,0.08541666666666665,0.0,0.0,0.0,0.0,0.0
1644430081,2016-05-06,9787,7.11999988555908,7.11999988555908,0.0,0.819999992847443,0.270000010728836,6.01000022888184,0.0199999995529652,11,6,369,1054,3328,2016-05-06,0.0,0.0,424.0,0.2944444583333333,0.0,0.0,0.0,0.0,0.0
1644430081,2016-05-07,13372,9.72000026702881,9.72000026702881,0.0,3.25999999046326,0.790000021457672,5.67000007629395,0.0099999997764825,41,17,243,1139,3404,2016-05-07,0.0,0.0,400.0,0.27777783333333333,0.0,0.0,0.0,0.0,0.0
1644430081,2016-05-08,6724,4.8899998664856,4.8899998664856,0.0,0.0,0.0,4.88000011444092,0.0,0,0,295,991,2987,2016-05-08,137.0,154.0,295.0,0.204861125,0.0,0.0,0.0,0.0,0.0
1644430081,2016-05-09,6643,4.82999992370605,4.82999992370605,0.0,2.39000010490417,0.349999994039536,2.08999991416931,0.0099999997764825,32,6,303,1099,3008,2016-05-09,0.0,0.0,411.0,0.28541675,0.0,0.0,0.0,0.0,0.0
1644430081,2016-05-10,9167,6.65999984741211,6.65999984741211,0.0,0.879999995231628,0.810000002384186,4.96999979019165,0.0099999997764825,12,19,155,1254,2799,2016-05-10,0.0,0.0,229.0,0.15902779166666667,0.0,0.0,0.0,0.0,0.0
1644430081,2016-05-11,1329,0.970000028610229,0.970000028610229,0.0,0.0,0.0,0.949999988079071,0.0099999997764825,0,0,49,713,1276,2016-05-11,0.0,0.0,40.0,0.05555541666666667,0.0,0.0,0.0,0.0,0.0
1844505072,2016-04-12,6697,4.42999982833862,4.42999982833862,0.0,0.0,0.0,4.42999982833862,0.0,0,0,339,1101,2030,2016-04-12,0.0,0.0,339.0,0.23541662500000002,0.0,0.0,0.0,0.0,0.0
1844505072,2016-04-13,4929,3.25999999046326,3.25999999046326,0.0,0.0,0.0,3.25999999046326,0.0,0,0,248,1192,1860,2016-04-13,0.0,0.0,248.0,0.17222229166666667,0.0,0.0,0.0,0.0,0.0
1844505072,2016-04-14,7937,5.25,5.25,0.0,0.0,0.0,5.23000001907349,0.0,0,0,373,843,2130,2016-04-14,0.0,0.0,373.0,0.25902783333333335,0.0,0.0,0.0,0.0,0.0
1844505072,2016-04-15,3844,2.53999996185303,2.53999996185303,0.0,0.0,0.0,2.53999996185303,0.0,0,0,176,527,1725,2016-04-15,644.0,961.0,176.0,0.12222220833333335,0.0,0.0,0.0,0.0,0.0
1844505072,2016-04-16,3414,2.25999999046326,2.25999999046326,0.0,0.0,0.0,2.25999999046326,0.0,0,0,147,1293,1657,2016-04-16,0.0,0.0,147.0,0.10208333333333335,0.0,0.0,0.0,0.0,0.0
1844505072,2016-04-17,4525,2.99000000953674,2.99000000953674,0.0,0.140000000596046,0.259999990463257,2.58999991416931,0.0,2,8,199,1231,1793,2016-04-17,0.0,0.0,221.0,0.15347220833333333,0.0,0.0,0.0,0.0,0.0
1844505072,2016-04-18,4597,3.03999996185303,3.03999996185303,0.0,0.0,0.479999989271164,2.55999994277954,0.0,0,12,217,1211,1814,2016-04-18,0.0,0.0,241.0,0.167361125,0.0,0.0,0.0,0.0,0.0
1844505072,2016-04-19,197,0.129999995231628,0.129999995231628,0.0,0.0,0.0,0.129999995231628,0.0,0,0,10,1430,1366,2016-04-19,0.0,0.0,10.0,0.006944458333333334,0.0,0.0,0.0,0.0,0.0
1844505072,2016-04-20,8,0.0099999997764825,0.0099999997764825,0.0,0.0,0.0,0.0099999997764825,0.0,0,0,1,1439,1349,2016-04-20,0.0,0.0,1.0,0.0006944583333333334,0.0,0.0,0.0,0.0,0.0
1844505072,2016-04-21,8054,5.32000017166138,5.32000017166138,0.0,0.119999997317791,0.519999980926514,4.67999982833862,0.0,2,13,308,1117,2062,2016-04-21,0.0,0.0,340.0,0.23611116666666665,0.0,0.0,0.0,0.0,0.0
1844505072,2016-04-22,5372,3.54999995231628,3.54999995231628,0.0,0.0,0.0,3.54999995231628,0.0,0,0,220,1220,1827,2016-04-22,0.0,0.0,220.0,0.15277775000000002,0.0,0.0,0.0,0.0,0.0
1844505072,2016-04-23,3570,2.35999989509583,2.35999989509583,0.0,0.0,0.0,2.35999989509583,0.0,0,0,139,1301,1645,2016-04-23,0.0,0.0,139.0,0.09652783333333333,0.0,0.0,0.0,0.0,0.0
1844505072,2016-04-27,4,0.0,0.0,0.0,0.0,0.0,0.0,0.0,0,0,1,1439,1348,2016-04-27,0.0,0.0,1.0,0.0006944583333333334,0.0,0.0,0.0,0.0,0.0
1844505072,2016-04-28,6907,4.57000017166138,4.57000017166138,0.0,0.0,0.0,4.55999994277954,0.0,0,0,302,1138,1992,2016-04-28,0.0,0.0,302.0,0.20972225,0.0,0.0,0.0,0.0,0.0
1844505072,2016-04-29,4920,3.25,3.25,0.0,0.0,0.0,3.25,0.0,0,0,247,1082,1856,2016-04-29,0.0,0.0,247.0,0.17152779166666665,0.0,0.0,0.0,0.0,0.0
1844505072,2016-04-30,4014,2.67000007629395,2.67000007629395,0.0,0.0,0.0,2.65000009536743,0.0,0,0,184,218,1763,2016-04-30,722.0,961.0,184.0,0.127777875,0.0,0.0,0.0,0.0,0.0
1844505072,2016-05-01,2573,1.70000004768372,1.70000004768372,0.0,0.0,0.259999990463257,1.45000004768372,0.0,0,7,75,585,1541,2016-05-01,590.0,961.0,89.0,0.06180558333333334,0.0,0.0,0.0,0.0,0.0
1844505072,2016-05-03,4059,2.6800000667572,2.6800000667572,0.0,0.0,0.0,2.6800000667572,0.0,0,0,184,1256,1742,2016-05-03,0.0,0.0,184.0,0.12777779166666667,0.0,0.0,0.0,0.0,0.0
1844505072,2016-05-04,2080,1.37000000476837,1.37000000476837,0.0,0.0,0.0,1.37000000476837,0.0,0,0,87,1353,1549,2016-05-04,0.0,0.0,87.0,0.06041666666666667,0.0,0.0,0.0,0.0,0.0
1844505072,2016-05-05,2237,1.48000001907349,1.48000001907349,0.0,0.0,0.0,1.48000001907349,0.0,0,0,120,1320,1589,2016-05-05,0.0,0.0,120.0,0.08333333333333333,0.0,0.0,0.0,0.0,0.0
1844505072,2016-05-06,44,0.0299999993294477,0.0299999993294477,0.0,0.0,0.0,0.0299999993294477,0.0,0,0,2,1438,1351,2016-05-06,0.0,0.0,2.0,0.0013888750000000001,0.0,0.0,0.0,0.0,0.0
1844505072,2016-05-12,0,0.0,0.0,0.0,0.0,0.0,0.0,0.0,0,0,0,711,665,2016-05-12,0.0,0.0,0.0,0.0,0.0,0.0,0.0,0.0,0.0
1927972279,2016-04-12,678,0.469999998807907,0.469999998807907,0.0,0.0,0.0,0.469999998807907,0.0,0,0,55,734,2220,2016-04-12,750.0,775.0,55.0,0.03819441666666667,0.0,0.0,0.0,0.0,0.0
1927972279,2016-04-13,356,0.25,0.25,0.0,0.0,0.0,0.25,0.0,0,0,32,986,2151,2016-04-13,398.0,422.0,32.0,0.022222208333333337,0.0,0.0,0.0,133.5,47.5400009155273
1927972279,2016-04-14,2163,1.5,1.5,0.0,0.0,0.400000005960464,1.10000002384186,0.0,0,9,88,1292,2383,2016-04-14,0.0,0.0,106.0,0.07361116666666667,0.0,0.0,0.0,0.0,0.0
1927972279,2016-04-15,980,0.680000007152557,0.680000007152557,0.0,0.0,0.0,0.680000007152557,0.0,0,0,51,941,2221,2016-04-15,475.0,499.0,51.0,0.035416666666666666,0.0,0.0,0.0,0.0,0.0
1927972279,2016-04-18,244,0.170000001788139,0.170000001788139,0.0,0.0,0.0,0.170000001788139,0.0,0,0,17,1423,2111,2016-04-18,0.0,0.0,17.0,0.011805583333333335,0.0,0.0,0.0,0.0,0.0
1927972279,2016-04-22,149,0.100000001490116,0.100000001490116,0.0,0.0,0.0,0.100000001490116,0.0,0,0,10,1430,2093,2016-04-22,0.0,0.0,10.0,0.006944458333333334,0.0,0.0,0.0,0.0,0.0
1927972279,2016-04-23,2945,2.03999996185303,2.03999996185303,0.0,0.0,0.0,2.03999996185303,0.0,0,0,145,1295,2499,2016-04-23,0.0,0.0,145.0,0.10069441666666668,0.0,0.0,0.0,0.0,0.0
1927972279,2016-04-24,2090,1.45000004768372,1.45000004768372,0.0,0.0700000002980232,0.239999994635582,1.13999998569489,0.0,1,6,75,1358,2324,2016-04-24,0.0,0.0,90.0,0.06250004166666666,0.0,0.0,0.0,0.0,0.0
1927972279,2016-04-25,152,0.109999999403954,0.109999999403954,0.0,0.0,0.0,0.109999999403954,0.0,0,0,12,1303,2100,2016-04-25,0.0,0.0,12.0,0.008333333333333333,0.0,0.0,0.0,0.0,0.0
1927972279,2016-04-26,3761,2.59999990463257,2.59999990463257,0.0,0.0,0.0,2.59999990463257,0.0,0,0,192,1058,2638,2016-04-26,296.0,315.0,192.0,0.133333375,0.0,0.0,0.0,0.0,0.0
1927972279,2016-04-28,1675,1.1599999666214,1.1599999666214,0.0,0.0,0.0,1.1599999666214,0.0,0,0,95,1167,2351,2016-04-28,166.0,178.0,95.0,0.06597225,0.0,0.0,0.0,0.0,0.0
1927972279,2016-05-01,2704,1.87000000476837,1.87000000476837,0.0,1.00999999046326,0.0299999993294477,0.829999983310699,0.0,14,1,70,1355,2411,2016-05-01,0.0,0.0,114.0,0.07916666666666668,0.0,0.0,0.0,0.0,0.0
1927972279,2016-05-02,3790,2.61999988555908,2.61999988555908,0.0,1.1599999666214,0.300000011920929,1.1599999666214,0.0,16,8,94,1322,2505,2016-05-02,0.0,0.0,158.0,0.10972225000000001,0.0,0.0,0.0,0.0,0.0
1927972279,2016-05-03,1326,0.920000016689301,0.920000016689301,0.0,0.730000019073486,0.0,0.180000007152557,0.0,10,0,17,1413,2195,2016-05-03,0.0,0.0,47.0,0.03263891666666666,0.0,0.0,0.0,0.0,0.0
1927972279,2016-05-04,1786,1.24000000953674,1.24000000953674,0.0,0.0,0.0,1.24000000953674,0.0,0,0,87,1353,2338,2016-05-04,0.0,0.0,87.0,0.06041679166666667,0.0,0.0,0.0,0.0,0.0
1927972279,2016-05-06,2091,1.45000004768372,1.45000004768372,0.0,0.0,0.0,1.45000004768372,0.0,0,0,108,1332,2383,2016-05-06,0.0,0.0,108.0,0.075,0.0,0.0,0.0,0.0,0.0
1927972279,2016-05-07,1510,1.03999996185303,1.03999996185303,0.0,0.0,0.0,1.03999996185303,0.0,0,0,48,1392,2229,2016-05-07,0.0,0.0,48.0,0.03333333333333333,0.0,0.0,0.0,0.0,0.0
1927972279,2016-05-12,0,0.0,0.0,0.0,0.0,0.0,0.0,0.0,0,0,0,966,1383,2016-05-12,0.0,0.0,0.0,0.0,0.0,0.0,0.0,0.0,0.0
2022484408,2016-04-12,11875,8.34000015258789,8.34000015258789,0.0,3.30999994277954,0.769999980926514,4.26000022888184,0.0,42,14,227,1157,2390,2016-04-12,0.0,0.0,381.0,0.264583375,76.47782776349614,134.0,52.0,0.0,0.0
2022484408,2016-04-13,12024,8.5,8.5,0.0,2.99000000953674,0.100000001490116,5.40999984741211,0.0,43,5,292,1100,2601,2016-04-13,0.0,0.0,431.0,0.29930558333333335,80.33758439609902,156.0,51.0,0.0,0.0
2022484408,2016-04-14,10690,7.5,7.5,0.0,2.48000001907349,0.209999993443489,4.82000017166138,0.0,32,3,257,1148,2312,2016-04-14,0.0,0.0,359.0,0.24930554166666666,72.62859712230215,127.0,50.0,0.0,0.0
2022484408,2016-04-15,11034,8.02999973297119,8.02999973297119,0.0,1.94000005722046,0.310000002384186,5.78000020980835,0.0,27,9,282,1122,2525,2016-04-15,0.0,0.0,381.0,0.26458333333333334,80.43738211995473,189.0,53.0,0.0,0.0
2022484408,2016-04-16,10100,7.09000015258789,7.09000015258789,0.0,3.15000009536743,0.550000011920929,3.39000010490417,0.0,41,11,151,1237,2177,2016-04-16,0.0,0.0,296.0,0.20555562500000002,75.96054724785238,136.0,49.0,0.0,0.0
2022484408,2016-04-17,15112,11.3999996185303,11.3999996185303,0.0,3.86999988555908,0.660000026226044,6.88000011444092,0.0,28,29,331,1052,2782,2016-04-17,0.0,0.0,473.0,0.3284722083333333,83.9171382376718,161.0,52.0,0.0,0.0
2022484408,2016-04-18,14131,10.0699996948242,10.0699996948242,0.0,3.64000010490417,0.119999997317791,6.30000019073486,0.0,48,3,311,1078,2770,2016-04-18,0.0,0.0,461.0,0.32013891666666666,82.71282877079979,153.0,54.0,0.0,0.0
2022484408,2016-04-19,11548,8.52999973297119,8.52999973297119,0.0,3.28999996185303,0.239999994635582,5.0,0.0,31,7,250,1152,2489,2016-04-19,0.0,0.0,357.0,0.247916625,81.954,162.0,54.0,0.0,0.0
2022484408,2016-04-20,15112,10.6700000762939,10.6700000762939,0.0,3.33999991416931,1.92999994754791,5.40000009536743,0.0,48,63,276,1053,2897,2016-04-20,0.0,0.0,546.0,0.37916675,83.44403973509934,166.0,50.0,0.0,0.0
2022484408,2016-04-21,12453,8.73999977111816,8.73999977111816,0.0,3.32999992370605,1.11000001430511,4.30999994277954,0.0,104,53,255,1028,3158,2016-04-21,0.0,0.0,673.0,0.46736112500000004,86.37481962481962,203.0,53.0,0.0,0.0
2022484408,2016-04-22,12954,9.32999992370605,9.32999992370605,0.0,4.42999982833862,0.419999986886978,4.46999979019165,0.0,52,10,273,1105,2638,2016-04-22,0.0,0.0,449.0,0.3118055416666667,80.12544357700497,153.0,52.0,0.0,0.0
2022484408,2016-04-23,6001,4.21000003814697,4.21000003814697,0.0,0.0,0.0,4.21000003814697,0.0,0,0,249,1191,2069,2016-04-23,0.0,0.0,249.0,0.17291674999999998,71.75562470081378,109.0,50.0,0.0,0.0
2022484408,2016-04-24,13481,10.2799997329712,10.2799997329712,0.0,4.55000019073486,1.14999997615814,4.57999992370605,0.0,37,26,216,1161,2529,2016-04-24,0.0,0.0,379.0,0.26319441666666665,82.42124019957234,163.0,53.0,0.0,0.0
2022484408,2016-04-25,11369,8.01000022888184,8.01000022888184,0.0,3.32999992370605,0.219999998807907,4.46000003814697,0.0,44,8,217,1171,2470,2016-04-25,0.0,0.0,365.0,0.2534722916666667,82.59916054564533,159.0,49.0,0.0,0.0
2022484408,2016-04-26,10119,7.19000005722046,7.19000005722046,0.0,1.42999994754791,0.660000026226044,5.1100001335144,0.0,55,24,275,1086,2793,2016-04-26,0.0,0.0,488.0,0.33888887500000003,83.27837450769782,154.0,51.0,0.0,0.0
2022484408,2016-04-27,10159,7.13000011444092,7.13000011444092,0.0,1.03999996185303,0.970000028610229,5.11999988555908,0.0,19,20,282,1119,2463,2016-04-27,0.0,0.0,379.0,0.2631944583333333,80.89912181941004,145.0,38.0,0.0,0.0
2022484408,2016-04-28,10140,7.11999988555908,7.11999988555908,0.0,0.409999996423721,1.33000004291534,5.3899998664856,0.0,6,20,291,1123,2296,2016-04-28,0.0,0.0,349.0,0.24236116666666666,71.25103398669305,114.0,51.0,0.0,0.0
2022484408,2016-04-29,10245,7.19000005722046,7.19000005722046,0.0,0.479999989271164,1.21000003814697,5.5,0.0,21,40,281,1098,2611,2016-04-29,0.0,0.0,424.0,0.29444437500000004,83.41287251655629,134.0,50.0,0.0,0.0
2022484408,2016-04-30,18387,12.9099998474121,12.9099998474121,0.0,0.939999997615814,1.39999997615814,10.5699996948242,0.0,13,23,361,1043,2732,2016-04-30,0.0,0.0,446.0,0.30972220833333336,77.54921618665695,123.0,51.0,0.0,0.0
2022484408,2016-05-01,10538,7.40000009536743,7.40000009536743,0.0,1.94000005722046,0.959999978542328,4.5,0.0,25,28,245,1142,2380,2016-05-01,0.0,0.0,376.0,0.26111100000000004,74.28720083246618,118.0,44.0,0.0,0.0
2022484408,2016-05-02,10379,7.28999996185303,7.28999996185303,0.0,2.60999989509583,0.340000003576279,4.32999992370605,0.0,36,8,277,1119,2473,2016-05-02,0.0,0.0,401.0,0.27847220833333336,79.9947063271994,137.0,50.0,0.0,0.0
2022484408,2016-05-03,12183,8.73999977111816,8.73999977111816,0.0,3.99000000953674,0.46000000834465,4.28000020980835,0.0,72,14,250,1104,2752,2016-05-03,0.0,0.0,494.0,0.3430555416666667,84.39717425431711,169.0,51.0,0.0,0.0
2022484408,2016-05-04,11768,8.28999996185303,8.28999996185303,0.0,2.50999999046326,0.930000007152557,4.84999990463257,0.0,36,27,272,1105,2649,2016-05-04,0.0,0.0,434.0,0.3013889166666667,84.17257235596429,159.0,54.0,0.0,0.0
2022484408,2016-05-05,11895,8.35000038146973,8.35000038146973,0.0,2.78999996185303,0.860000014305115,4.69999980926514,0.0,55,20,253,1112,2609,2016-05-05,0.0,0.0,458.0,0.318055625,82.61394101876675,156.0,55.0,0.0,0.0
2022484408,2016-05-06,10227,7.17999982833862,7.17999982833862,0.0,1.87000000476837,0.670000016689301,4.6399998664856,0.0,24,17,295,1104,2498,2016-05-06,0.0,0.0,401.0,0.278472125,82.618843069874,118.0,60.0,0.0,0.0
2022484408,2016-05-07,6708,4.71000003814697,4.71000003814697,0.0,1.61000001430511,0.0799999982118607,3.01999998092651,0.0,20,2,149,1269,1995,2016-05-07,0.0,0.0,213.0,0.14791666666666667,77.55123068116771,128.0,52.0,0.0,0.0
2022484408,2016-05-08,3292,2.30999994277954,2.30999994277954,0.0,0.0,0.0,2.30999994277954,0.0,0,0,135,1305,1848,2016-05-08,0.0,0.0,135.0,0.09375,77.57871198568873,127.0,53.0,0.0,0.0
2022484408,2016-05-09,13379,9.39000034332275,9.39000034332275,0.0,2.11999988555908,1.62999999523163,5.6399998664856,0.0,35,47,297,1061,2709,2016-05-09,0.0,0.0,496.0,0.3444444583333333,81.71108280254776,133.0,51.0,0.0,0.0
2022484408,2016-05-10,12798,8.97999954223633,8.97999954223633,0.0,2.22000002861023,1.21000003814697,5.55999994277954,0.0,57,28,271,1084,2797,2016-05-10,0.0,0.0,498.0,0.345833375,87.64063913174556,166.0,57.0,0.0,0.0
2022484408,2016-05-11,13272,9.31999969482422,9.31999969482422,0.0,4.17999982833862,1.14999997615814,3.99000000953674,0.0,58,25,224,1133,2544,2016-05-11,0.0,0.0,448.0,0.311111125,84.63264567499095,138.0,55.0,0.0,0.0
2022484408,2016-05-12,9117,6.40999984741211,6.40999984741211,0.0,1.27999997138977,0.670000016689301,4.44000005722046,0.0,16,16,236,728,1853,2016-05-12,0.0,0.0,295.0,0.307291625,82.49542429284526,152.0,55.0,0.0,0.0
2026352035,2016-04-12,4414,2.74000000953674,2.74000000953674,0.0,0.189999997615814,0.349999994039536,2.20000004768372,0.0,3,8,181,706,1459,2016-04-12,503.0,546.0,206.0,0.14305554166666667,0.0,0.0,0.0,0.0,0.0
2026352035,2016-04-13,4993,3.09999990463257,3.09999990463257,0.0,0.0,0.0,3.09999990463257,0.0,0,0,238,663,1521,2016-04-13,531.0,565.0,238.0,0.165277875,0.0,0.0,0.0,0.0,0.0
2026352035,2016-04-14,3335,2.0699999332428,2.0699999332428,0.0,0.0,0.0,2.04999995231628,0.0,0,0,197,653,1431,2016-04-14,545.0,568.0,197.0,0.13680545833333332,0.0,0.0,0.0,0.0,0.0
2026352035,2016-04-15,3821,2.36999988555908,2.36999988555908,0.0,0.0,0.0,2.36999988555908,0.0,0,0,188,687,1444,2016-04-15,523.0,573.0,188.0,0.1305555,0.0,0.0,0.0,0.0,0.0
2026352035,2016-04-16,2547,1.58000004291534,1.58000004291534,0.0,0.0,0.0,1.58000004291534,0.0,0,0,150,728,1373,2016-04-16,524.0,567.0,150.0,0.104166625,0.0,0.0,0.0,0.0,0.0
2026352035,2016-04-17,838,0.519999980926514,0.519999980926514,0.0,0.0,0.0,0.519999980926514,0.0,0,0,60,1053,1214,2016-04-17,437.0,498.0,60.0,0.041666666666666664,68.65625,80.0,63.0,0.0,0.0
2026352035,2016-04-18,3325,2.05999994277954,2.05999994277954,0.0,0.0,0.0,2.05999994277954,0.0,0,0,182,1062,1419,2016-04-18,0.0,0.0,182.0,0.12638875,0.0,0.0,0.0,0.0,0.0
2026352035,2016-04-19,2424,1.5,1.5,0.0,0.0,0.0,1.5,0.0,0,0,141,785,1356,2016-04-19,498.0,540.0,141.0,0.09791670833333334,0.0,0.0,0.0,0.0,0.0
2026352035,2016-04-20,7222,4.48000001907349,4.48000001907349,0.0,0.0,0.0,4.48000001907349,0.0,0,0,327,623,1667,2016-04-20,461.0,510.0,327.0,0.22708341666666668,0.0,0.0,0.0,0.0,0.0
2026352035,2016-04-21,2467,1.52999997138977,1.52999997138977,0.0,0.0,0.0,1.52999997138977,0.0,0,0,153,749,1370,2016-04-21,477.0,514.0,153.0,0.10625000000000001,0.0,0.0,0.0,0.0,0.0
2026352035,2016-04-22,2915,1.80999994277954,1.80999994277954,0.0,0.0,0.0,1.80999994277954,0.0,0,0,162,712,1399,2016-04-22,520.0,545.0,162.0,0.11250004166666666,0.0,0.0,0.0,0.0,0.0
2026352035,2016-04-23,12357,7.71000003814697,7.71000003814697,0.0,0.0,0.0,7.71000003814697,0.0,0,0,432,458,1916,2016-04-23,522.0,554.0,432.0,0.30000008333333333,0.0,0.0,0.0,0.0,0.0
2026352035,2016-04-24,3490,2.16000008583069,2.16000008583069,0.0,0.0,0.0,2.16000008583069,0.0,0,0,164,704,1401,2016-04-24,555.0,591.0,164.0,0.113888875,0.0,0.0,0.0,0.0,0.0
2026352035,2016-04-25,6017,3.73000001907349,3.73000001907349,0.0,0.0,0.0,3.73000001907349,0.0,0,0,260,821,1576,2016-04-25,506.0,531.0,260.0,0.18055558333333332,99.50581395348837,125.0,70.0,0.0,0.0
2026352035,2016-04-26,5933,3.6800000667572,3.6800000667572,0.0,0.0,0.0,3.6800000667572,0.0,0,0,288,1018,1595,2016-04-26,0.0,0.0,288.0,0.1999999166666667,0.0,0.0,0.0,0.0,0.0
2026352035,2016-04-27,6088,3.76999998092651,3.76999998092651,0.0,0.0,0.0,3.76999998092651,0.0,0,0,286,586,1593,2016-04-27,508.0,545.0,286.0,0.19861120833333334,0.0,0.0,0.0,0.0,0.0
2026352035,2016-04-28,6375,3.95000004768372,3.95000004768372,0.0,0.0,0.0,3.95000004768372,0.0,0,0,331,626,1649,2016-04-28,513.0,545.0,331.0,0.22986120833333334,0.0,0.0,0.0,0.0,0.0
2026352035,2016-04-29,7604,4.71000003814697,4.71000003814697,0.0,0.0,0.0,4.71000003814697,0.0,0,0,352,492,1692,2016-04-29,490.0,510.0,352.0,0.2444444583333333,0.0,0.0,0.0,0.0,0.0
2026352035,2016-04-30,4729,2.9300000667572,2.9300000667572,0.0,0.0,0.0,2.9300000667572,0.0,0,0,233,594,1506,2016-04-30,573.0,607.0,233.0,0.16180558333333334,0.0,0.0,0.0,0.0,0.0
2026352035,2016-05-01,3609,2.27999997138977,2.27999997138977,0.0,0.0,0.0,2.27999997138977,0.0,0,0,191,716,1447,2016-05-01,527.0,546.0,191.0,0.13263891666666666,0.0,0.0,0.0,0.0,0.0
2026352035,2016-05-02,7018,4.34999990463257,4.34999990463257,0.0,0.0,0.0,4.34999990463257,0.0,0,0,355,716,1690,2016-05-02,511.0,543.0,355.0,0.24652779166666663,85.27004219409282,122.0,70.0,0.0,0.0
2026352035,2016-05-03,5992,3.72000002861023,3.72000002861023,0.0,0.0,0.0,3.72000002861023,0.0,0,0,304,981,1604,2016-05-03,0.0,0.0,304.0,0.21111112499999998,0.0,0.0,0.0,0.0,0.0
2026352035,2016-05-04,6564,4.07000017166138,4.07000017166138,0.0,0.0,0.0,4.07000017166138,0.0,0,0,345,530,1658,2016-05-04,538.0,560.0,345.0,0.23958337500000002,0.0,0.0,0.0,0.0,0.0
2026352035,2016-05-05,12167,7.53999996185303,7.53999996185303,0.0,0.0,0.0,7.53999996185303,0.0,0,0,475,479,1926,2016-05-05,468.0,485.0,475.0,0.32986108333333336,0.0,0.0,0.0,0.0,0.0
2026352035,2016-05-06,8198,5.07999992370605,5.07999992370605,0.0,0.0,0.0,5.07999992370605,0.0,0,0,383,511,1736,2016-05-06,524.0,548.0,383.0,0.26597220833333335,0.0,0.0,0.0,0.0,0.0
2026352035,2016-05-07,4193,2.59999990463257,2.59999990463257,0.0,0.0,0.0,2.59999990463257,0.0,0,0,229,665,1491,2016-05-07,511.0,521.0,229.0,0.15902770833333332,0.0,0.0,0.0,0.0,0.0
2026352035,2016-05-08,5528,3.45000004768372,3.45000004768372,0.0,0.0,0.0,3.45000004768372,0.0,0,0,258,610,1555,2016-05-08,541.0,568.0,258.0,0.17916666666666667,0.0,0.0,0.0,0.0,0.0
2026352035,2016-05-09,10685,6.61999988555908,6.61999988555908,0.0,0.0,0.0,6.59999990463257,0.0,0,0,401,543,1869,2016-05-09,531.0,556.0,401.0,0.27847225000000003,98.86454652532392,123.0,70.0,0.0,0.0
2026352035,2016-05-10,254,0.159999996423721,0.159999996423721,0.0,0.0,0.0,0.159999996423721,0.0,0,0,17,1002,1141,2016-05-10,357.0,380.0,17.0,0.011805541666666667,0.0,0.0,0.0,0.0,0.0
2026352035,2016-05-11,8580,5.32000017166138,5.32000017166138,0.0,0.0,0.0,5.32000017166138,0.0,0,0,330,569,1698,2016-05-11,523.0,553.0,330.0,0.22916675,0.0,0.0,0.0,0.0,0.0
2026352035,2016-05-12,8891,5.51000022888184,5.51000022888184,0.0,0.0,0.0,5.51000022888184,0.0,0,0,343,330,1364,2016-05-12,456.0,485.0,320.0,0.3333333125,0.0,0.0,0.0,0.0,0.0
2320127002,2016-04-12,10725,7.48999977111816,7.48999977111816,0.0,1.16999995708466,0.310000002384186,6.01000022888184,0.0,13,9,306,1112,2124,2016-04-12,0.0,0.0,363.0,0.2520833333333333,0.0,0.0,0.0,0.0,0.0
2320127002,2016-04-13,7275,4.90000009536743,4.90000009536743,0.0,0.0,0.0,4.90000009536743,0.0,0,0,335,1105,2003,2016-04-13,0.0,0.0,335.0,0.232638875,0.0,0.0,0.0,0.0,0.0
2320127002,2016-04-14,3973,2.6800000667572,2.6800000667572,0.0,0.0,0.0,2.6800000667572,0.0,0,0,191,1249,1696,2016-04-14,0.0,0.0,191.0,0.132639,0.0,0.0,0.0,0.0,0.0
2320127002,2016-04-15,5205,3.50999999046326,3.50999999046326,0.0,0.0,0.0,3.50999999046326,0.0,0,0,245,1195,1801,2016-04-15,0.0,0.0,245.0,0.17013883333333335,0.0,0.0,0.0,0.0,0.0
2320127002,2016-04-16,5057,3.41000008583069,3.41000008583069,0.0,0.0,0.0,3.40000009536743,0.0,0,0,195,1245,1724,2016-04-16,0.0,0.0,195.0,0.13541670833333333,0.0,0.0,0.0,0.0,0.0
2320127002,2016-04-17,6198,4.17999982833862,4.17999982833862,0.0,0.0,0.0,4.17999982833862,0.0,0,0,249,1191,1852,2016-04-17,0.0,0.0,249.0,0.1729167083333333,0.0,0.0,0.0,0.0,0.0
2320127002,2016-04-18,6559,4.42000007629395,4.42000007629395,0.0,0.0,0.259999990463257,4.1399998664856,0.0,0,7,260,1173,1905,2016-04-18,0.0,0.0,274.0,0.19027791666666669,0.0,0.0,0.0,0.0,0.0
2320127002,2016-04-19,5997,4.03999996185303,4.03999996185303,0.0,0.0,0.379999995231628,3.66000008583069,0.0,0,11,228,1201,1811,2016-04-19,0.0,0.0,250.0,0.17361108333333333,0.0,0.0,0.0,0.0,0.0
2320127002,2016-04-20,7192,4.84999990463257,4.84999990463257,0.0,0.0,0.490000009536743,4.34000015258789,0.0,0,11,283,1146,1922,2016-04-20,0.0,0.0,305.0,0.21180554166666665,0.0,0.0,0.0,0.0,0.0
2320127002,2016-04-21,3404,2.28999996185303,2.28999996185303,0.0,0.0599999986588955,0.419999986886978,1.80999994277954,0.0,1,10,127,1302,1610,2016-04-21,0.0,0.0,150.0,0.10416666666666667,0.0,0.0,0.0,0.0,0.0
2320127002,2016-04-22,5583,3.75999999046326,3.75999999046326,0.0,0.0,0.0,3.75999999046326,0.0,0,0,266,1174,1851,2016-04-22,0.0,0.0,266.0,0.18472220833333333,0.0,0.0,0.0,0.0,0.0
2320127002,2016-04-23,5079,3.42000007629395,3.42000007629395,0.0,0.0,0.0,3.42000007629395,0.0,0,0,242,1129,1804,2016-04-23,61.0,69.0,242.0,0.1680555,0.0,0.0,0.0,0.0,0.0
2320127002,2016-04-24,4165,2.80999994277954,2.80999994277954,0.0,0.0,0.0,2.79999995231628,0.0,0,0,204,1236,1725,2016-04-24,0.0,0.0,204.0,0.141666625,0.0,0.0,0.0,0.0,0.0
2320127002,2016-04-25,3588,2.42000007629395,2.42000007629395,0.0,0.230000004172325,0.200000002980232,1.99000000953674,0.0,3,5,152,1280,1654,2016-04-25,0.0,0.0,171.0,0.11875004166666665,0.0,0.0,0.0,0.0,0.0
2320127002,2016-04-26,3409,2.29999995231628,2.29999995231628,0.0,0.0,0.0,2.29999995231628,0.0,0,0,147,1293,1632,2016-04-26,0.0,0.0,147.0,0.10208333333333335,0.0,0.0,0.0,0.0,0.0
2320127002,2016-04-27,1715,1.1599999666214,1.1599999666214,0.0,0.0,0.0,1.1599999666214,0.0,0,0,82,1358,1481,2016-04-27,0.0,0.0,82.0,0.05694450000000001,0.0,0.0,0.0,0.0,0.0
2320127002,2016-04-28,1532,1.02999997138977,1.02999997138977,0.0,0.0,0.0,1.02999997138977,0.0,0,0,76,1364,1473,2016-04-28,0.0,0.0,76.0,0.05277774999999999,0.0,0.0,0.0,0.0,0.0
2320127002,2016-04-29,924,0.620000004768372,0.620000004768372,0.0,0.0,0.0,0.620000004768372,0.0,0,0,45,1395,1410,2016-04-29,0.0,0.0,45.0,0.03125,0.0,0.0,0.0,0.0,0.0
2320127002,2016-04-30,4571,3.07999992370605,3.07999992370605,0.0,0.0,0.0,3.0699999332428,0.0,0,0,234,1206,1779,2016-04-30,0.0,0.0,234.0,0.1625,0.0,0.0,0.0,0.0,0.0
2320127002,2016-05-01,772,0.519999980926514,0.519999980926514,0.0,0.0,0.0,0.519999980926514,0.0,0,0,40,1400,1403,2016-05-01,0.0,0.0,40.0,0.027777791666666666,0.0,0.0,0.0,0.0,0.0
2320127002,2016-05-02,3634,2.45000004768372,2.45000004768372,0.0,0.360000014305115,0.209999993443489,1.87999999523163,0.0,5,6,123,1306,1613,2016-05-02,0.0,0.0,150.0,0.10416670833333334,0.0,0.0,0.0,0.0,0.0
2320127002,2016-05-03,7443,5.01999998092651,5.01999998092651,0.0,1.49000000953674,0.370000004768372,3.16000008583069,0.0,20,10,206,1204,1878,2016-05-03,0.0,0.0,286.0,0.19861120833333334,0.0,0.0,0.0,0.0,0.0
2320127002,2016-05-04,1201,0.810000002384186,0.810000002384186,0.0,0.0,0.0,0.810000002384186,0.0,0,0,52,1388,1426,2016-05-04,0.0,0.0,52.0,0.036111125,0.0,0.0,0.0,0.0,0.0
2320127002,2016-05-05,5202,3.50999999046326,3.50999999046326,0.0,0.0,0.389999985694885,3.10999989509583,0.0,0,11,223,1206,1780,2016-05-05,0.0,0.0,245.0,0.170138875,0.0,0.0,0.0,0.0,0.0
2320127002,2016-05-06,4878,3.28999996185303,3.28999996185303,0.0,0.0,0.0,3.28999996185303,0.0,0,0,204,1236,1742,2016-05-06,0.0,0.0,204.0,0.14166666666666666,0.0,0.0,0.0,0.0,0.0
2320127002,2016-05-07,7379,4.96999979019165,4.96999979019165,0.0,0.0,0.0,4.96999979019165,0.0,0,0,319,1121,1972,2016-05-07,0.0,0.0,319.0,0.22152783333333334,0.0,0.0,0.0,0.0,0.0
2320127002,2016-05-08,5161,3.48000001907349,3.48000001907349,0.0,0.0,0.0,3.47000002861023,0.0,0,0,247,1193,1821,2016-05-08,0.0,0.0,247.0,0.17152775,0.0,0.0,0.0,0.0,0.0
2320127002,2016-05-09,3090,2.07999992370605,2.07999992370605,0.0,0.0,0.0,2.07999992370605,0.0,0,0,145,1295,1630,2016-05-09,0.0,0.0,145.0,0.1006945,0.0,0.0,0.0,0.0,0.0
2320127002,2016-05-10,6227,4.19999980926514,4.19999980926514,0.0,0.0,0.0,4.19999980926514,0.0,0,0,290,1150,1899,2016-05-10,0.0,0.0,290.0,0.20138883333333332,0.0,0.0,0.0,0.0,0.0
2320127002,2016-05-11,6424,4.32999992370605,4.32999992370605,0.0,0.0,0.0,4.32999992370605,0.0,0,0,300,1140,1903,2016-05-11,0.0,0.0,300.0,0.20833329166666667,0.0,0.0,0.0,0.0,0.0
2320127002,2016-05-12,2661,1.78999996185303,1.78999996185303,0.0,0.0,0.0,1.78999996185303,0.0,0,0,128,830,1125,2016-05-12,0.0,0.0,124.0,0.13777779999999998,0.0,0.0,0.0,0.0,0.0
2347167796,2016-04-12,10113,6.82999992370605,6.82999992370605,0.0,2.0,0.620000004768372,4.19999980926514,0.0,28,13,320,964,2344,2016-04-12,0.0,0.0,430.0,0.2986111666666667,87.03198764615045,172.0,57.0,0.0,0.0
2347167796,2016-04-13,10352,7.01000022888184,7.01000022888184,0.0,1.6599999666214,1.94000005722046,3.41000008583069,0.0,19,32,195,676,2038,2016-04-13,467.0,531.0,316.0,0.219444375,73.81290461804058,158.0,55.0,0.0,0.0
2347167796,2016-04-14,10129,6.69999980926514,6.69999980926514,0.0,0.0199999995529652,2.74000000953674,3.94000005722046,0.0,1,48,206,705,2010,2016-04-14,445.0,489.0,305.0,0.21180554166666665,72.57948213700426,154.0,52.0,0.0,0.0
2347167796,2016-04-15,10465,6.92000007629395,6.92000007629395,0.0,0.0700000002980232,1.41999995708466,5.42999982833862,0.0,1,24,284,720,2133,2016-04-15,452.0,504.0,335.0,0.23263891666666667,75.68525687977399,136.0,55.0,0.0,0.0
2347167796,2016-04-16,22244,15.0799999237061,15.0799999237061,0.0,5.44999980926514,4.09999990463257,5.53000020980835,0.0,66,72,268,968,2670,2016-04-16,0.0,0.0,610.0,0.42361112500000003,96.62390702822357,168.0,58.0,0.0,0.0
2347167796,2016-04-17,5472,3.61999988555908,3.61999988555908,0.0,0.0799999982118607,0.280000001192093,3.25999999046326,0.0,1,7,249,508,1882,2016-04-17,556.0,602.0,266.0,0.18472216666666666,75.36218020022247,134.0,55.0,0.0,0.0
2347167796,2016-04-18,8247,5.44999980926514,5.44999980926514,0.0,0.790000021457672,0.860000014305115,3.78999996185303,0.0,11,16,206,678,1944,2016-04-18,500.0,557.0,271.0,0.18819441666666667,71.23214476924724,134.0,53.0,0.0,0.0
2347167796,2016-04-19,6711,4.44000005722046,4.44000005722046,0.0,0.0,0.0,4.44000005722046,0.0,0,7,382,648,2346,2016-04-19,465.0,514.0,396.0,0.27499999999999997,81.30099693251533,195.0,53.0,0.0,0.0
2347167796,2016-04-20,10999,7.26999998092651,7.26999998092651,0.0,0.680000007152557,1.80999994277954,4.78000020980835,0.0,11,43,269,1011,2198,2016-04-20,0.0,0.0,388.0,0.269444375,78.18208496366685,161.0,53.0,0.0,0.0
2347167796,2016-04-21,10080,6.75,6.75,0.0,1.85000002384186,1.52999997138977,3.38000011444092,0.0,23,26,208,761,2048,2016-04-21,460.0,484.0,329.0,0.22847220833333334,73.41425341802132,171.0,51.0,0.0,0.0
2347167796,2016-04-22,7804,5.15999984741211,5.15999984741211,0.0,0.560000002384186,1.67999994754791,2.92000007629395,0.0,9,27,206,781,1946,2016-04-22,405.0,461.0,287.0,0.19930554166666667,71.99640209332752,165.0,53.0,0.0,0.0
2347167796,2016-04-23,16901,11.3699998855591,11.3699998855591,0.0,2.77999997138977,1.45000004768372,7.15000009536743,0.0,32,35,360,591,2629,2016-04-23,374.0,386.0,526.0,0.36527770833333334,83.43309231897726,157.0,53.0,0.0,0.0
2347167796,2016-04-24,9471,6.26000022888184,6.26000022888184,0.0,0.0,0.0,6.26000022888184,0.0,0,0,360,584,2187,2016-04-24,442.0,459.0,360.0,0.24999995833333333,77.57597373188406,127.0,54.0,0.0,0.0
2347167796,2016-04-25,9482,6.38000011444092,6.38000011444092,0.0,1.26999998092651,0.519999980926514,4.59999990463257,0.0,15,11,277,653,2095,2016-04-25,433.0,471.0,344.0,0.238888875,73.86135600335852,160.0,53.0,0.0,0.0
2347167796,2016-04-26,5980,3.95000004768372,3.95000004768372,0.0,0.0,0.0,3.95000004768372,0.0,0,0,227,732,1861,2016-04-26,436.0,490.0,227.0,0.15763887499999998,71.73179652000444,122.0,49.0,0.0,0.0
2347167796,2016-04-27,11423,7.57999992370605,7.57999992370605,0.0,1.86000001430511,0.400000005960464,5.32000017166138,0.0,26,9,295,623,2194,2016-04-27,448.0,499.0,391.0,0.27152775,75.19362135263515,144.0,51.0,0.0,0.0
2347167796,2016-04-28,5439,3.59999990463257,3.59999990463257,0.0,0.0,0.0,3.59999990463257,0.0,0,0,229,764,1854,2016-04-28,408.0,450.0,229.0,0.15902779166666667,73.40854132002218,138.0,55.0,0.0,0.0
2347167796,2016-04-29,42,0.0299999993294477,0.0299999993294477,0.0,0.0,0.0,0.0299999993294477,0.0,0,0,4,2,403,2016-04-29,411.0,473.0,2.0,0.005555666666666667,62.86971235194586,85.0,54.0,0.0,0.0
2873212765,2016-04-12,8796,5.90999984741211,5.90999984741211,0.0,0.109999999403954,0.930000007152557,4.88000011444092,0.0,2,21,356,1061,1982,2016-04-12,0.0,0.0,404.0,0.28055562500000003,0.0,0.0,0.0,0.0,0.0
2873212765,2016-04-13,7618,5.11999988555908,5.11999988555908,0.0,0.0,0.219999998807907,4.88000011444092,0.0199999995529652,0,8,404,1028,2004,2016-04-13,0.0,0.0,420.0,0.29166658333333334,0.0,0.0,0.0,0.0,0.0
2873212765,2016-04-14,7910,5.32000017166138,5.32000017166138,0.0,0.0,0.0,5.32000017166138,0.0,0,0,331,1109,1893,2016-04-14,0.0,0.0,331.0,0.22986116666666667,0.0,0.0,0.0,0.0,0.0
2873212765,2016-04-15,8482,5.69999980926514,5.69999980926514,0.0,0.0,0.0,5.69000005722046,0.0099999997764825,0,0,448,992,2063,2016-04-15,0.0,0.0,448.0,0.311111125,0.0,0.0,0.0,0.0,0.0
2873212765,2016-04-16,9685,6.65000009536743,6.65000009536743,0.0,3.10999989509583,0.0199999995529652,3.50999999046326,0.0099999997764825,47,1,305,1087,2148,2016-04-16,0.0,0.0,448.0,0.31111116666666666,0.0,0.0,0.0,0.0,0.0
2873212765,2016-04-17,2524,1.70000004768372,1.70000004768372,0.0,0.0,0.349999994039536,1.3400000333786,0.0,0,8,160,1272,1529,2016-04-17,0.0,0.0,176.0,0.12222229166666666,0.0,0.0,0.0,0.0,0.0
2873212765,2016-04-18,7762,5.23999977111816,5.23999977111816,0.0,0.0700000002980232,0.280000001192093,4.8899998664856,0.0,1,6,311,1122,1890,2016-04-18,0.0,0.0,326.0,0.22638887500000002,0.0,0.0,0.0,0.0,0.0
2873212765,2016-04-19,7948,5.36999988555908,5.36999988555908,0.0,0.0,0.0,5.3600001335144,0.0,0,0,389,1051,1956,2016-04-19,0.0,0.0,389.0,0.270138875,0.0,0.0,0.0,0.0,0.0
2873212765,2016-04-20,9202,6.30000019073486,6.30000019073486,0.0,1.50999999046326,0.119999997317791,4.65999984741211,0.0099999997764825,22,5,378,1035,2094,2016-04-20,0.0,0.0,454.0,0.31527775,0.0,0.0,0.0,0.0,0.0
2873212765,2016-04-21,8859,5.98000001907349,5.98000001907349,0.0,0.129999995231628,0.370000004768372,5.46999979019165,0.0099999997764825,2,10,371,1057,1970,2016-04-21,0.0,0.0,397.0,0.275694375,0.0,0.0,0.0,56.7000007629395,21.4500007629395
2873212765,2016-04-22,7286,4.90000009536743,4.90000009536743,0.0,0.46000000834465,0.0,4.42000007629395,0.0199999995529652,46,0,366,1028,2241,2016-04-22,0.0,0.0,389.0,0.270139,0.0,0.0,0.0,0.0,0.0
2873212765,2016-04-23,9317,6.34999990463257,6.34999990463257,0.0,2.08999991416931,0.230000004172325,4.01999998092651,0.0099999997764825,28,5,330,1077,2021,2016-04-23,0.0,0.0,424.0,0.2944444583333333,0.0,0.0,0.0,0.0,0.0
2873212765,2016-04-24,6873,4.67999982833862,4.67999982833862,0.0,3.0,0.0599999986588955,1.62000000476837,0.0,46,1,190,1203,1898,2016-04-24,0.0,0.0,330.0,0.22916662499999998,0.0,0.0,0.0,0.0,0.0
2873212765,2016-04-25,7373,4.94999980926514,4.94999980926514,0.0,0.0,0.0,4.94999980926514,0.0,0,0,359,1081,1907,2016-04-25,0.0,0.0,359.0,0.24930558333333333,0.0,0.0,0.0,0.0,0.0
2873212765,2016-04-26,8242,5.53999996185303,5.53999996185303,0.0,0.119999997317791,0.180000007152557,5.23999977111816,0.0,2,5,309,1124,1882,2016-04-26,0.0,0.0,325.0,0.22569450000000002,0.0,0.0,0.0,0.0,0.0
2873212765,2016-04-27,3516,2.35999989509583,2.35999989509583,0.0,0.0,0.0,2.35999989509583,0.0,46,0,197,1197,1966,2016-04-27,0.0,0.0,335.0,0.2326389166666667,0.0,0.0,0.0,0.0,0.0
2873212765,2016-04-28,7913,5.40999984741211,5.40999984741211,0.0,2.16000008583069,0.340000003576279,2.91000008583069,0.0,28,7,213,1192,1835,2016-04-28,0.0,0.0,311.0,0.21597220833333333,0.0,0.0,0.0,0.0,0.0
2873212765,2016-04-29,7365,4.94999980926514,4.94999980926514,0.0,1.36000001430511,1.4099999666214,2.1800000667572,0.0,20,23,206,1191,1780,2016-04-29,0.0,0.0,312.0,0.21666666666666667,0.0,0.0,0.0,0.0,0.0
2873212765,2016-04-30,8452,5.67999982833862,5.67999982833862,0.0,0.330000013113022,1.08000004291534,4.26000022888184,0.0099999997764825,5,20,248,1167,1830,2016-04-30,0.0,0.0,303.0,0.21041658333333332,0.0,0.0,0.0,0.0,0.0
2873212765,2016-05-01,7399,4.96999979019165,4.96999979019165,0.0,0.490000009536743,1.03999996185303,3.44000005722046,0.0,7,18,196,1219,1739,2016-05-01,0.0,0.0,253.0,0.17569441666666666,0.0,0.0,0.0,0.0,0.0
2873212765,2016-05-02,7525,5.05999994277954,5.05999994277954,0.0,0.0,0.209999993443489,4.82999992370605,0.0199999995529652,0,7,334,1099,1878,2016-05-02,0.0,0.0,348.0,0.24166666666666667,0.0,0.0,0.0,0.0,0.0
2873212765,2016-05-03,7412,4.98000001907349,4.98000001907349,0.0,0.0599999986588955,0.25,4.65999984741211,0.0099999997764825,1,6,363,1070,1906,2016-05-03,0.0,0.0,378.0,0.2625000416666667,0.0,0.0,0.0,0.0,0.0
2873212765,2016-05-04,8278,5.55999994277954,5.55999994277954,0.0,0.0,0.0,5.55999994277954,0.0,0,0,420,1020,2015,2016-05-04,0.0,0.0,420.0,0.291666625,0.0,0.0,0.0,0.0,0.0
2873212765,2016-05-05,8314,5.6100001335144,5.6100001335144,0.0,0.779999971389771,0.800000011920929,4.03000020980835,0.0,13,23,311,1093,1971,2016-05-05,0.0,0.0,396.0,0.27499995833333335,0.0,0.0,0.0,0.0,0.0
2873212765,2016-05-06,7063,4.75,4.75,0.0,0.0,0.119999997317791,4.6100001335144,0.0099999997764825,0,5,370,1065,1910,2016-05-06,0.0,0.0,380.0,0.26388883333333335,0.0,0.0,0.0,0.0,0.0
2873212765,2016-05-07,4940,3.38000011444092,3.38000011444092,0.0,2.27999997138977,0.550000011920929,0.550000011920929,0.0,75,11,52,1302,1897,2016-05-07,0.0,0.0,299.0,0.207638875,0.0,0.0,0.0,0.0,0.0
2873212765,2016-05-08,8168,5.53999996185303,5.53999996185303,0.0,2.90000009536743,0.0,2.64000010490417,0.0,46,0,326,1068,2096,2016-05-08,0.0,0.0,464.0,0.32222229166666666,0.0,0.0,0.0,0.0,0.0
2873212765,2016-05-09,7726,5.19000005722046,5.19000005722046,0.0,0.0,0.0,5.19000005722046,0.0,0,0,345,1095,1906,2016-05-09,0.0,0.0,345.0,0.23958333333333334,0.0,0.0,0.0,0.0,0.0
2873212765,2016-05-10,8275,5.55999994277954,5.55999994277954,0.0,0.0,0.0,5.55000019073486,0.0099999997764825,0,0,373,1067,1962,2016-05-10,0.0,0.0,373.0,0.25902770833333333,0.0,0.0,0.0,0.0,0.0
2873212765,2016-05-11,6440,4.32999992370605,4.32999992370605,0.0,0.0,0.0,4.32000017166138,0.0099999997764825,0,0,319,1121,1826,2016-05-11,0.0,0.0,319.0,0.22152779166666667,0.0,0.0,0.0,0.0,0.0
2873212765,2016-05-12,7566,5.1100001335144,5.1100001335144,0.0,0.0,0.0,5.1100001335144,0.0,0,0,268,720,1431,2016-05-12,0.0,0.0,259.0,0.26979156249999997,0.0,0.0,0.0,57.2999992370605,21.6900005340576
3372868164,2016-04-12,4747,3.24000000953674,3.24000000953674,0.0,0.0,0.0,3.23000001907349,0.0099999997764825,0,0,280,1160,1788,2016-04-12,0.0,0.0,280.0,0.19444441666666668,0.0,0.0,0.0,0.0,0.0
3372868164,2016-04-13,9715,6.63000011444092,6.63000011444092,0.0,0.990000009536743,0.340000003576279,5.26999998092651,0.0199999995529652,16,8,371,1045,2093,2016-04-13,0.0,0.0,435.0,0.302083375,0.0,0.0,0.0,0.0,0.0
3372868164,2016-04-14,8844,6.03000020980835,6.03000020980835,0.0,0.340000003576279,1.02999997138977,4.65000009536743,0.0099999997764825,6,25,370,1039,2065,2016-04-14,0.0,0.0,438.0,0.30416675,0.0,0.0,0.0,0.0,0.0
3372868164,2016-04-15,7451,5.07999992370605,5.07999992370605,0.0,0.0,0.0,5.05999994277954,0.0199999995529652,0,0,335,1105,1908,2016-04-15,0.0,0.0,335.0,0.23263879166666668,0.0,0.0,0.0,0.0,0.0
3372868164,2016-04-16,6905,4.73000001907349,4.73000001907349,0.0,0.0,0.0,4.69999980926514,0.0299999993294477,0,0,356,1084,1908,2016-04-16,0.0,0.0,356.0,0.24722229166666665,0.0,0.0,0.0,0.0,0.0
3372868164,2016-04-17,8199,5.88000011444092,5.88000011444092,0.0,1.4099999666214,0.100000001490116,4.3600001335144,0.0099999997764825,11,2,322,1105,1964,2016-04-17,0.0,0.0,359.0,0.24930554166666666,0.0,0.0,0.0,0.0,0.0
3372868164,2016-04-18,6798,4.6399998664856,4.6399998664856,0.0,1.08000004291534,0.200000002980232,3.34999990463257,0.0,20,7,343,1070,2014,2016-04-18,0.0,0.0,417.0,0.28958337500000003,0.0,0.0,0.0,0.0,0.0
3372868164,2016-04-19,7711,5.26000022888184,5.26000022888184,0.0,0.0,0.0,5.23999977111816,0.0199999995529652,0,0,376,1064,1985,2016-04-19,0.0,0.0,376.0,0.261111125,0.0,0.0,0.0,0.0,0.0
3372868164,2016-04-20,4880,3.32999992370605,3.32999992370605,0.0,0.839999973773956,0.0900000035762787,2.38000011444092,0.0199999995529652,15,3,274,1148,1867,2016-04-20,0.0,0.0,325.0,0.22569433333333333,0.0,0.0,0.0,0.0,0.0
3372868164,2016-04-21,8857,6.07000017166138,6.07000017166138,0.0,1.14999997615814,0.259999990463257,4.6399998664856,0.0099999997764825,18,9,376,1037,2124,2016-04-21,0.0,0.0,448.0,0.31111104166666664,0.0,0.0,0.0,0.0,0.0
3372868164,2016-04-22,3843,2.61999988555908,2.61999988555908,0.0,0.0,0.0,2.60999989509583,0.0099999997764825,0,0,206,1234,1669,2016-04-22,0.0,0.0,206.0,0.14305554166666667,0.0,0.0,0.0,0.0,0.0
3372868164,2016-04-23,7396,5.07000017166138,5.07000017166138,0.0,1.39999997615814,0.0799999982118607,3.57999992370605,0.0,20,2,303,1115,1995,2016-04-23,0.0,0.0,367.0,0.25486112499999997,0.0,0.0,0.0,0.0,0.0
3372868164,2016-04-24,6731,4.59000015258789,4.59000015258789,0.0,0.889999985694885,0.189999997615814,3.49000000953674,0.0199999995529652,14,7,292,1127,1921,2016-04-24,0.0,0.0,348.0,0.24166675,0.0,0.0,0.0,0.0,0.0
3372868164,2016-04-25,5995,4.09000015258789,4.09000015258789,0.0,0.0,0.0,4.09000015258789,0.0,0,0,416,1024,2010,2016-04-25,0.0,0.0,416.0,0.28888891666666666,0.0,0.0,0.0,0.0,0.0
3372868164,2016-04-26,8283,5.78999996185303,5.78999996185303,0.0,1.85000002384186,0.0500000007450581,3.86999988555908,0.0099999997764825,22,2,333,1083,2057,2016-04-26,0.0,0.0,403.0,0.27986116666666666,0.0,0.0,0.0,0.0,0.0
3372868164,2016-04-27,7904,5.42000007629395,5.42000007629395,0.0,1.58000004291534,0.629999995231628,3.19000005722046,0.0099999997764825,24,13,346,1057,2095,2016-04-27,0.0,0.0,444.0,0.3083332916666667,0.0,0.0,0.0,0.0,0.0
3372868164,2016-04-28,5512,3.75999999046326,3.75999999046326,0.0,0.0,0.0,3.75999999046326,0.0,0,0,385,1055,1972,2016-04-28,0.0,0.0,385.0,0.2673612083333333,0.0,0.0,0.0,0.0,0.0
3372868164,2016-04-29,9135,6.23000001907349,6.23000001907349,0.0,0.0,0.0,6.21999979019165,0.0099999997764825,0,0,402,1038,2044,2016-04-29,0.0,0.0,402.0,0.27916674999999996,0.0,0.0,0.0,0.0,0.0
3372868164,2016-04-30,5250,3.57999992370605,3.57999992370605,0.0,1.05999994277954,0.0900000035762787,2.42000007629395,0.0099999997764825,17,4,300,1119,1946,2016-04-30,0.0,0.0,359.0,0.24930558333333333,0.0,0.0,0.0,0.0,0.0
3372868164,2016-05-01,3077,2.09999990463257,2.09999990463257,0.0,0.0,0.0,2.08999991416931,0.0,0,0,172,842,1237,2016-05-01,0.0,0.0,160.0,0.16666675,0.0,0.0,0.0,0.0,0.0
3977333714,2016-04-12,8856,5.98000001907349,5.98000001907349,0.0,3.05999994277954,0.910000026226044,2.00999999046326,0.0,44,19,131,777,1450,2016-04-12,274.0,469.0,301.0,0.20902774999999998,0.0,0.0,0.0,0.0,0.0
3977333714,2016-04-13,10035,6.71000003814697,6.71000003814697,0.0,2.02999997138977,2.13000011444092,2.54999995231628,0.0,31,46,153,754,1495,2016-04-13,295.0,456.0,338.0,0.23472229166666667,0.0,0.0,0.0,0.0,0.0
3977333714,2016-04-14,7641,5.1100001335144,5.1100001335144,0.0,0.319999992847443,0.970000028610229,3.8199999332428,0.0,5,23,214,801,1433,2016-04-14,291.0,397.0,275.0,0.1909722083333333,0.0,0.0,0.0,0.0,0.0
3977333714,2016-04-15,9010,6.05999994277954,6.05999994277954,0.0,1.04999995231628,1.75,3.25999999046326,0.0,15,42,183,644,1468,2016-04-15,424.0,556.0,312.0,0.21666670833333335,0.0,0.0,0.0,0.0,0.0
3977333714,2016-04-16,13459,9.0,9.0,0.0,2.02999997138977,4.0,2.97000002861023,0.0,31,83,153,663,1625,2016-04-16,283.0,510.0,412.0,0.2861110416666667,0.0,0.0,0.0,0.0,0.0
3977333714,2016-04-17,10415,6.96999979019165,6.96999979019165,0.0,0.699999988079071,2.34999990463257,3.92000007629395,0.0,11,58,205,600,1529,2016-04-17,381.0,566.0,354.0,0.24583341666666667,0.0,0.0,0.0,0.0,0.0
3977333714,2016-04-18,11663,7.80000019073486,7.80000019073486,0.0,0.25,3.73000001907349,3.8199999332428,0.0,4,95,214,605,1584,2016-04-18,412.0,522.0,416.0,0.288888875,0.0,0.0,0.0,0.0,0.0
3977333714,2016-04-19,12414,8.77999973297119,8.77999973297119,0.0,2.24000000953674,2.45000004768372,3.96000003814697,0.0,19,67,221,738,1638,2016-04-19,219.0,395.0,412.0,0.28611108333333335,0.0,0.0,0.0,0.0,0.0
3977333714,2016-04-20,11658,7.82999992370605,7.82999992370605,0.0,0.200000002980232,4.34999990463257,3.27999997138977,0.0,2,98,164,845,1554,2016-04-20,152.0,305.0,366.0,0.2541667083333333,0.0,0.0,0.0,0.0,0.0
3977333714,2016-04-21,6093,4.07999992370605,4.07999992370605,0.0,0.0,0.0,4.05999994277954,0.0,0,0,242,712,1397,2016-04-21,332.0,512.0,242.0,0.16805558333333334,0.0,0.0,0.0,0.0,0.0
3977333714,2016-04-22,8911,5.96000003814697,5.96000003814697,0.0,2.32999992370605,0.579999983310699,3.05999994277954,0.0,33,12,188,731,1481,2016-04-22,355.0,476.0,311.0,0.21597220833333333,0.0,0.0,0.0,0.0,0.0
3977333714,2016-04-23,12058,8.06999969482422,8.06999969482422,0.0,0.0,4.21999979019165,3.84999990463257,0.0,0,92,252,724,1638,2016-04-23,235.0,372.0,436.0,0.3027777916666667,0.0,0.0,0.0,0.0,0.0
3977333714,2016-04-24,14112,10.0,10.0,0.0,3.26999998092651,4.55999994277954,2.17000007629395,0.0,30,95,129,660,1655,2016-04-24,310.0,526.0,409.0,0.284027875,0.0,0.0,0.0,0.0,0.0
3977333714,2016-04-25,11177,8.47999954223633,8.47999954223633,0.0,5.61999988555908,0.430000007152557,2.41000008583069,0.0,50,9,133,781,1570,2016-04-25,262.0,467.0,301.0,0.20902774999999998,0.0,0.0,0.0,0.0,0.0
3977333714,2016-04-26,11388,7.61999988555908,7.61999988555908,0.0,0.449999988079071,4.21999979019165,2.95000004768372,0.0,7,95,170,797,1551,2016-04-26,250.0,371.0,381.0,0.264583375,0.0,0.0,0.0,0.0,0.0
3977333714,2016-04-27,7193,5.03999996185303,5.03999996185303,0.0,0.0,0.419999986886978,4.61999988555908,0.0,0,10,176,714,1377,2016-04-27,349.0,540.0,196.0,0.136111125,0.0,0.0,0.0,0.0,0.0
3977333714,2016-04-28,7114,4.88000011444092,4.88000011444092,0.0,1.37000000476837,0.28999999165535,3.22000002861023,0.0,15,8,190,804,1407,2016-04-28,261.0,423.0,251.0,0.17430554166666667,0.0,0.0,0.0,0.0,0.0
3977333714,2016-04-29,10645,7.75,7.75,0.0,3.74000000953674,1.29999995231628,2.71000003814697,0.0,36,32,150,744,1545,2016-04-29,333.0,478.0,322.0,0.223611125,0.0,0.0,0.0,0.0,0.0
3977333714,2016-04-30,13238,9.19999980926514,9.19999980926514,0.0,3.69000005722046,2.09999990463257,3.41000008583069,0.0,43,52,194,687,1650,2016-04-30,237.0,382.0,427.0,0.29652775000000003,0.0,0.0,0.0,0.0,0.0
3977333714,2016-05-01,10414,7.07000017166138,7.07000017166138,0.0,2.67000007629395,1.98000001907349,2.41000008583069,0.0,41,40,124,691,1501,2016-05-01,383.0,626.0,327.0,0.22708345833333335,0.0,0.0,0.0,0.0,0.0
3977333714,2016-05-02,16520,11.0500001907349,11.0500001907349,0.0,1.53999996185303,6.48000001907349,3.01999998092651,0.0,24,143,176,713,1760,2016-05-02,230.0,384.0,534.0,0.37083333333333335,0.0,0.0,0.0,0.0,0.0
3977333714,2016-05-03,14335,9.59000015258789,9.59000015258789,0.0,3.3199999332428,1.74000000953674,4.53000020980835,0.0,47,41,258,594,1710,2016-05-03,292.0,500.0,481.0,0.3340278333333333,0.0,0.0,0.0,0.0,0.0
3977333714,2016-05-04,13559,9.4399995803833,9.4399995803833,0.0,1.80999994277954,4.57999992370605,2.89000010490417,0.0,14,96,142,852,1628,2016-05-04,213.0,336.0,376.0,0.26111104166666665,0.0,0.0,0.0,0.0,0.0
3977333714,2016-05-05,12312,8.57999992370605,8.57999992370605,0.0,1.75999999046326,4.1100001335144,2.71000003814697,0.0,14,88,178,680,1618,2016-05-05,318.0,480.0,396.0,0.27499999999999997,0.0,0.0,0.0,0.0,0.0
3977333714,2016-05-06,11677,8.27999973297119,8.27999973297119,0.0,3.10999989509583,2.50999999046326,2.67000007629395,0.0,29,55,168,676,1590,2016-05-06,323.0,512.0,365.0,0.25347225,0.0,0.0,0.0,0.0,0.0
3977333714,2016-05-07,11550,7.73000001907349,7.73000001907349,0.0,0.0,4.13000011444092,3.58999991416931,0.0,0,86,208,703,1574,2016-05-07,237.0,443.0,380.0,0.26388891666666664,0.0,0.0,0.0,0.0,0.0
3977333714,2016-05-08,13585,9.09000015258789,9.09000015258789,0.0,0.680000007152557,5.23999977111816,3.17000007629395,0.0,9,116,171,688,1633,2016-05-08,259.0,456.0,430.0,0.29861112500000003,0.0,0.0,0.0,0.0,0.0
3977333714,2016-05-09,14687,10.0799999237061,10.0799999237061,0.0,0.769999980926514,5.59999990463257,3.54999995231628,0.0,8,122,151,1159,1667,2016-05-09,0.0,0.0,419.0,0.29097216666666664,0.0,0.0,0.0,0.0,0.0
3977333714,2016-05-10,13072,8.77999973297119,8.77999973297119,0.0,0.0700000002980232,5.40000009536743,3.30999994277954,0.0,1,115,196,676,1630,2016-05-10,312.0,452.0,429.0,0.29791670833333334,0.0,0.0,0.0,0.0,0.0
3977333714,2016-05-11,746,0.5,0.5,0.0,0.370000004768372,0.0,0.129999995231628,0.0,4,0,9,13,52,2016-05-11,0.0,0.0,0.0,0.0,0.0,0.0,0.0,0.0,0.0
4020332650,2016-04-12,8539,6.11999988555908,6.11999988555908,0.0,0.150000005960464,0.239999994635582,5.67999982833862,0.0,4,15,331,712,3654,2016-04-12,501.0,541.0,373.0,0.25902783333333335,85.40040547389762,133.0,49.0,0.0,0.0
4020332650,2016-04-14,108,0.0799999982118607,0.0799999982118607,0.0,0.0,0.0,0.0299999993294477,0.0,0,0,3,1437,2011,2016-04-14,0.0,0.0,3.0,0.002083375,90.70096685082873,133.0,65.0,0.0,0.0
4020332650,2016-04-15,1882,1.35000002384186,1.35000002384186,0.0,0.209999993443489,0.360000014305115,0.769999980926514,0.0,36,18,87,1299,2951,2016-04-15,0.0,0.0,231.0,0.16041666666666668,92.92564172832739,191.0,51.0,0.0,0.0
4020332650,2016-04-16,1982,1.41999995708466,1.41999995708466,0.0,0.449999988079071,0.370000004768372,0.589999973773956,0.0,65,21,55,1222,3051,2016-04-16,77.0,77.0,292.0,0.20277783333333332,100.90332042707966,143.0,62.0,0.0,0.0
4020332650,2016-04-17,16,0.0099999997764825,0.0099999997764825,0.0,0.0,0.0,0.0099999997764825,0.0,0,0,2,1438,1990,2016-04-17,0.0,0.0,2.0,0.0013888750000000001,98.82608695652173,116.0,66.0,0.0,0.0
4020332650,2016-04-18,62,0.0399999991059303,0.0399999991059303,0.0,0.0,0.0,0.0399999991059303,0.0,0,0,2,1438,1995,2016-04-18,0.0,0.0,2.0,0.0013888750000000001,0.0,0.0,0.0,0.0,0.0
4020332650,2016-05-02,475,0.340000003576279,0.340000003576279,0.0,0.0,0.0399999991059303,0.28999999165535,0.0,0,11,31,1350,2207,2016-05-02,0.0,0.0,53.0,0.03680554166666667,90.94930555555555,123.0,66.0,0.0,0.0
4020332650,2016-05-03,4496,3.22000002861023,3.22000002861023,0.0,0.0,0.0,3.15000009536743,0.0500000007450581,0,0,174,950,2828,2016-05-03,322.0,332.0,174.0,0.12083329166666668,78.51649417852522,127.0,52.0,0.0,0.0
4020332650,2016-05-04,10252,7.34999990463257,7.34999990463257,0.0,0.670000016689301,1.03999996185303,5.57999992370605,0.0,13,46,346,531,3879,2016-05-04,478.0,536.0,477.0,0.33125,84.36060164968463,147.0,49.0,0.0,0.0
4020332650,2016-05-05,11728,8.43000030517578,8.43000030517578,0.0,2.61999988555908,1.67999994754791,4.03999996185303,0.0700000002980232,38,42,196,916,3429,2016-05-05,226.0,248.0,394.0,0.273611125,87.07261698440207,126.0,49.0,0.0,0.0
4020332650,2016-05-06,4369,3.13000011444092,3.13000011444092,0.0,0.0,0.0,3.09999990463257,0.0099999997764825,0,0,177,855,2704,2016-05-06,385.0,408.0,177.0,0.12291666666666667,76.42535421327368,116.0,50.0,0.0,0.0
4020332650,2016-05-07,6132,4.40000009536743,4.40000009536743,0.0,0.0,0.0,3.57999992370605,0.0,0,0,184,1256,2975,2016-05-07,0.0,0.0,184.0,0.12777775,89.73044761436302,117.0,64.0,0.0,0.0
4020332650,2016-05-08,5862,4.19999980926514,4.19999980926514,0.0,0.0,0.0,4.15000009536743,0.0,0,0,263,775,3089,2016-05-08,364.0,402.0,263.0,0.182638875,79.73330288845759,131.0,51.0,0.0,0.0
4020332650,2016-05-09,4556,3.26999998092651,3.26999998092651,0.0,0.200000002980232,0.119999997317791,2.94000005722046,0.0,3,5,173,1225,2785,2016-05-09,0.0,0.0,192.0,0.13333329166666666,88.55941221180643,155.0,55.0,0.0,0.0
4020332650,2016-05-10,5546,3.98000001907349,3.98000001907349,0.0,0.0,0.0,3.86999988555908,0.0399999991059303,0,0,206,774,2926,2016-05-10,442.0,494.0,206.0,0.1430555,74.76608797807074,142.0,46.0,0.0,0.0
4020332650,2016-05-11,3689,2.65000009536743,2.65000009536743,0.0,0.109999999403954,0.170000001788139,2.32999992370605,0.0,2,8,134,1296,2645,2016-05-11,0.0,0.0,156.0,0.10833329166666666,92.0993690851735,133.0,64.0,0.0,0.0
4020332650,2016-05-12,590,0.419999986886978,0.419999986886978,0.0,0.0,0.0,0.409999996423721,0.0,0,0,21,721,1120,2016-05-12,0.0,0.0,11.0,0.01527775,96.86060606060606,125.0,70.0,0.0,0.0
4057192912,2016-04-12,5394,4.03000020980835,4.03000020980835,0.0,0.0,0.0,3.94000005722046,0.0,0,0,164,1276,2286,2016-04-12,0.0,0.0,164.0,0.11388883333333333,0.0,0.0,0.0,0.0,0.0
4057192912,2016-04-13,5974,4.46999979019165,4.46999979019165,0.0,0.0,0.0,4.36999988555908,0.0,0,0,160,1280,2306,2016-04-13,0.0,0.0,160.0,0.11111116666666666,0.0,0.0,0.0,0.0,0.0
4057192912,2016-04-15,3984,2.95000004768372,2.95000004768372,0.0,0.209999993443489,0.259999990463257,2.44000005722046,0.0,3,6,88,873,1527,2016-04-15,0.0,0.0,107.0,0.1114583125,0.0,0.0,0.0,0.0,0.0
4319703577,2016-04-13,8204,5.5,5.5,0.0,0.529999971389771,0.589999973773956,1.30999994277954,0.0,8,15,96,1234,2135,2016-04-13,0.0,0.0,150.0,0.10416670833333334,0.0,0.0,0.0,0.0,0.0
4319703577,2016-04-14,10210,6.88000011444092,6.88000011444092,0.0,0.109999999403954,0.330000013113022,6.44000005722046,0.0,1,9,339,589,2302,2016-04-14,535.0,557.0,360.0,0.25000008333333334,0.0,0.0,0.0,0.0,0.0
4319703577,2016-04-15,5664,3.79999995231628,3.79999995231628,0.0,0.0,0.0,3.79999995231628,0.0,0,0,228,752,1985,2016-04-15,465.0,491.0,228.0,0.15833333333333333,0.0,0.0,0.0,0.0,0.0
4319703577,2016-04-16,4744,3.1800000667572,3.1800000667572,0.0,0.0,0.0,3.1800000667572,0.0,0,0,194,724,1884,2016-04-16,506.0,522.0,194.0,0.13472225000000002,0.0,0.0,0.0,0.0,0.0
4319703577,2016-04-17,29,0.0199999995529652,0.0199999995529652,0.0,0.0,0.0,0.0199999995529652,0.0,0,0,3,1363,1464,2016-04-17,0.0,0.0,3.0,0.0020833333333333333,0.0,0.0,0.0,72.4000015258789,27.4500007629395
4319703577,2016-04-18,2276,1.54999995231628,1.54999995231628,0.0,0.0700000002980232,0.330000013113022,1.12000000476837,0.0,1,9,58,824,1632,2016-04-18,515.0,551.0,79.0,0.05486116666666666,0.0,0.0,0.0,0.0,0.0
4319703577,2016-04-19,8925,5.98999977111816,5.98999977111816,0.0,0.0,0.0,5.98999977111816,0.0,0,0,311,604,2200,2016-04-19,461.0,498.0,311.0,0.21597225,0.0,0.0,0.0,0.0,0.0
4319703577,2016-04-20,8954,6.01000022888184,6.01000022888184,0.0,0.0,0.680000007152557,5.30999994277954,0.0,0,18,306,671,2220,2016-04-20,523.0,543.0,342.0,0.2375000416666667,0.0,0.0,0.0,0.0,0.0
4319703577,2016-04-21,3702,2.48000001907349,2.48000001907349,0.0,0.0,0.0,0.349999994039536,0.0,0,0,34,1265,1792,2016-04-21,59.0,65.0,34.0,0.023611125,0.0,0.0,0.0,0.0,0.0
4319703577,2016-04-22,4500,3.01999998092651,3.01999998092651,0.0,0.0599999986588955,0.810000002384186,2.15000009536743,0.0,1,19,176,709,1886,2016-04-22,533.0,550.0,217.0,0.1506945,0.0,0.0,0.0,0.0,0.0
4319703577,2016-04-23,4935,3.30999994277954,3.30999994277954,0.0,0.0,0.0,3.30999994277954,0.0,0,0,233,546,1945,2016-04-23,692.0,722.0,233.0,0.16180562499999998,0.0,0.0,0.0,0.0,0.0
4319703577,2016-04-24,4081,2.74000000953674,2.74000000953674,0.0,0.0599999986588955,0.200000002980232,2.47000002861023,0.0,1,5,191,692,1880,2016-04-24,467.0,501.0,204.0,0.14166675,0.0,0.0,0.0,0.0,0.0
4319703577,2016-04-25,9259,6.21000003814697,6.21000003814697,0.0,0.0,0.280000001192093,5.92999982833862,0.0,0,8,390,544,2314,2016-04-25,488.0,506.0,406.0,0.28194437499999997,0.0,0.0,0.0,0.0,0.0
4319703577,2016-04-26,9899,6.6399998664856,6.6399998664856,0.0,0.569999992847443,0.920000016689301,5.15000009536743,0.0,8,21,288,649,2236,2016-04-26,505.0,516.0,354.0,0.245833375,0.0,0.0,0.0,0.0,0.0
4319703577,2016-04-27,10780,7.23000001907349,7.23000001907349,0.0,0.409999996423721,1.91999995708466,4.90999984741211,0.0,6,47,300,680,2324,2016-04-27,286.0,307.0,412.0,0.2861112083333333,0.0,0.0,0.0,0.0,0.0
4319703577,2016-04-28,10817,7.28000020980835,7.28000020980835,0.0,1.00999999046326,0.330000013113022,5.94000005722046,0.0,13,8,359,552,2367,2016-04-28,497.0,522.0,414.0,0.28750004166666665,0.0,0.0,0.0,0.0,0.0
4319703577,2016-04-29,7990,5.3600001335144,5.3600001335144,0.0,0.449999988079071,0.790000021457672,4.11999988555908,0.0,6,18,289,624,2175,2016-04-29,523.0,546.0,343.0,0.23819445833333333,0.0,0.0,0.0,0.0,0.0
4319703577,2016-04-30,8221,5.51999998092651,5.51999998092651,0.0,0.400000005960464,1.61000001430511,3.50999999046326,0.0,6,38,196,695,2092,2016-04-30,490.0,516.0,290.0,0.201388875,0.0,0.0,0.0,0.0,0.0
4319703577,2016-05-01,1251,0.839999973773956,0.839999973773956,0.0,0.0,0.0,0.839999973773956,0.0,0,0,67,836,1593,2016-05-01,484.0,500.0,67.0,0.04652775,0.0,0.0,0.0,0.0,0.0
4319703577,2016-05-02,9261,6.23999977111816,6.23999977111816,0.0,0.0,0.439999997615814,5.71000003814697,0.0,0,11,344,585,2270,2016-05-02,478.0,506.0,366.0,0.25416675,0.0,0.0,0.0,0.0,0.0
4319703577,2016-05-03,9648,6.46999979019165,6.46999979019165,0.0,0.579999983310699,1.07000005245209,4.82999992370605,0.0,8,26,287,669,2235,2016-05-03,474.0,512.0,363.0,0.252083375,0.0,0.0,0.0,0.0,0.0
4319703577,2016-05-04,10429,7.01999998092651,7.01999998092651,0.0,0.589999973773956,0.579999983310699,5.84999990463257,0.0,8,13,313,1106,2282,2016-05-04,0.0,0.0,363.0,0.252083375,0.0,0.0,0.0,72.3000030517578,27.3799991607666
4319703577,2016-05-05,13658,9.48999977111816,9.48999977111816,0.0,2.63000011444092,1.4099999666214,5.44999980926514,0.0,27,34,328,957,2530,2016-05-05,0.0,0.0,477.0,0.33125008333333333,0.0,0.0,0.0,0.0,0.0
4319703577,2016-05-06,9524,6.42000007629395,6.42000007629395,0.0,0.409999996423721,0.469999998807907,5.46000003814697,0.0,6,11,314,692,2266,2016-05-06,450.0,491.0,354.0,0.24583333333333332,0.0,0.0,0.0,0.0,0.0
4319703577,2016-05-07,7937,5.32999992370605,5.32999992370605,0.0,0.189999997615814,1.04999995231628,4.07999992370605,0.0,3,28,279,586,2158,2016-05-07,507.0,530.0,344.0,0.23888895833333335,0.0,0.0,0.0,0.0,0.0
4319703577,2016-05-08,3672,2.46000003814697,2.46000003814697,0.0,0.0,0.0,2.46000003814697,0.0,0,0,153,603,1792,2016-05-08,602.0,638.0,153.0,0.10624995833333334,0.0,0.0,0.0,0.0,0.0
4319703577,2016-05-09,10378,6.96000003814697,6.96000003814697,0.0,0.140000000596046,0.560000002384186,6.25,0.0,2,14,374,490,2345,2016-05-09,535.0,565.0,408.0,0.28333320833333336,0.0,0.0,0.0,0.0,0.0
4319703577,2016-05-10,9487,6.36999988555908,6.36999988555908,0.0,0.209999993443489,0.46000000834465,5.69999980926514,0.0,3,12,329,555,2260,2016-05-10,487.0,517.0,362.0,0.2513889166666667,0.0,0.0,0.0,0.0,0.0
4319703577,2016-05-11,9129,6.13000011444092,6.13000011444092,0.0,0.200000002980232,0.740000009536743,5.17999982833862,0.0,3,18,311,574,2232,2016-05-11,529.0,558.0,356.0,0.24722225,0.0,0.0,0.0,0.0,0.0
4319703577,2016-05-12,17,0.0099999997764825,0.0099999997764825,0.0,0.0,0.0,0.0099999997764825,0.0,0,0,2,0,257,2016-05-12,302.0,321.0,2.0,0.0083335,0.0,0.0,0.0,0.0,0.0
4388161847,2016-04-13,10993,8.44999980926514,8.44999980926514,0.0,0.0599999986588955,0.629999995231628,3.88000011444092,0.0,1,14,150,1275,3092,2016-04-13,0.0,0.0,181.0,0.12569445833333334,67.04312865497076,130.0,45.0,0.0,0.0
4388161847,2016-04-14,8863,6.82000017166138,6.82000017166138,0.0,0.129999995231628,1.07000005245209,5.61999988555908,0.0,10,35,219,945,2998,2016-04-14,0.0,0.0,319.0,0.22152775,68.43871753246754,132.0,48.0,0.0,0.0
4388161847,2016-04-15,8758,6.73000001907349,6.73000001907349,0.0,0.0,0.0,6.73000001907349,0.0,0,0,299,837,3066,2016-04-15,499.0,526.0,299.0,0.207639,67.47093970668115,127.0,44.0,0.0,0.0
4388161847,2016-04-16,6580,5.05999994277954,5.05999994277954,0.0,0.209999993443489,0.400000005960464,4.44999980926514,0.0,6,9,253,609,3073,2016-04-16,426.0,448.0,289.0,0.20069445833333333,75.47658862876254,142.0,56.0,0.0,0.0
4388161847,2016-04-17,4660,3.57999992370605,3.57999992370605,0.0,0.0,0.0,3.57999992370605,0.0,0,0,201,721,2572,2016-04-17,619.0,641.0,201.0,0.13958345833333333,66.39134502923977,113.0,49.0,0.0,0.0
4388161847,2016-04-18,11009,9.10000038146973,9.10000038146973,0.0,3.55999994277954,0.400000005960464,5.1399998664856,0.0,27,8,239,1017,3274,2016-04-18,99.0,104.0,336.0,0.23333337499999998,81.49099490746491,176.0,50.0,0.0,0.0
4388161847,2016-04-19,10181,7.82999992370605,7.82999992370605,0.0,1.37000000476837,0.689999997615814,5.76999998092651,0.0,20,16,249,704,3015,2016-04-19,329.0,338.0,341.0,0.23680554166666667,65.5324563295234,136.0,46.0,0.0,0.0
4388161847,2016-04-20,10553,8.11999988555908,8.11999988555908,0.0,1.10000002384186,1.72000002861023,5.28999996185303,0.0,19,42,228,696,3083,2016-04-20,421.0,451.0,369.0,0.2562499166666667,65.40125868055556,149.0,46.0,0.0,0.0
4388161847,2016-04-21,10055,7.73000001907349,7.73000001907349,0.0,0.370000004768372,0.389999985694885,6.98000001907349,0.0,7,12,272,853,3069,2016-04-21,442.0,458.0,317.0,0.22013891666666666,63.099279119767296,146.0,42.0,0.0,0.0
4388161847,2016-04-22,12139,9.34000015258789,9.34000015258789,0.0,3.29999995231628,1.11000001430511,4.92000007629395,0.0,77,25,220,945,3544,2016-04-22,82.0,85.0,501.0,0.3479167083333334,73.27719923266649,149.0,49.0,0.0,0.0
4388161847,2016-04-23,13236,10.1800003051758,10.1800003051758,0.0,4.5,0.319999992847443,5.34999990463257,0.0,58,5,215,749,3306,2016-04-23,478.0,501.0,399.0,0.27708341666666664,67.08074201158053,158.0,44.0,0.0,0.0
4388161847,2016-04-24,10243,7.88000011444092,7.88000011444092,0.0,1.08000004291534,0.509999990463257,6.30000019073486,0.0,14,8,239,584,2885,2016-04-24,552.0,595.0,297.0,0.20624995833333334,62.10169687175343,139.0,44.0,0.0,0.0
4388161847,2016-04-25,12961,9.97000026702881,9.97000026702881,0.0,0.730000019073486,1.39999997615814,7.84000015258789,0.0,11,31,301,1054,3288,2016-04-25,0.0,0.0,396.0,0.2750000833333333,67.51205052197449,150.0,45.0,0.0,0.0
4388161847,2016-04-26,9461,7.28000020980835,7.28000020980835,0.0,0.939999997615814,1.05999994277954,5.26999998092651,0.0,14,23,224,673,2929,2016-04-26,319.0,346.0,312.0,0.216666625,62.51359843970094,128.0,42.0,0.0,0.0
4388161847,2016-04-27,11193,8.60999965667725,8.60999965667725,0.0,0.699999988079071,2.50999999046326,5.3899998664856,0.0,11,48,241,684,3074,2016-04-27,439.0,500.0,370.0,0.25694454166666664,62.120521869318786,153.0,42.0,0.0,0.0
4388161847,2016-04-28,10074,7.75,7.75,0.0,1.28999996185303,0.430000007152557,6.03000020980835,0.0,19,9,234,878,2969,2016-04-28,428.0,458.0,309.0,0.214583375,62.32648343180067,131.0,41.0,0.0,0.0
4388161847,2016-04-29,9232,7.09999990463257,7.09999990463257,0.0,0.800000011920929,0.889999985694885,5.42000007629395,0.0,13,16,236,1175,2979,2016-04-29,0.0,0.0,307.0,0.2131944166666667,66.10588863666712,133.0,44.0,0.0,0.0
4388161847,2016-04-30,12533,9.64000034332275,9.64000034332275,0.0,0.699999988079071,2.0,6.94000005722046,0.0,14,43,300,537,3283,2016-04-30,409.0,430.0,428.0,0.29722225,64.22769296925392,113.0,45.0,0.0,0.0
4388161847,2016-05-01,10255,7.8899998664856,7.8899998664856,0.0,1.00999999046326,0.680000007152557,6.19999980926514,0.0,12,15,241,579,2926,2016-05-01,547.0,597.0,307.0,0.2131944583333333,61.10111169931181,105.0,39.0,0.0,0.0
4388161847,2016-05-02,10096,8.39999961853027,8.39999961853027,0.0,3.76999998092651,0.0799999982118607,4.55000019073486,0.0,33,4,204,935,3147,2016-05-02,368.0,376.0,311.0,0.21597225,68.09740503948854,180.0,43.0,0.0,0.0
4388161847,2016-05-03,12727,9.78999996185303,9.78999996185303,0.0,1.12999999523163,0.779999971389771,7.88000011444092,0.0,18,18,306,984,3290,2016-05-03,0.0,0.0,396.0,0.275,67.92889996167114,135.0,44.0,0.0,0.0
4388161847,2016-05-04,12375,9.52000045776367,9.52000045776367,0.0,2.78999996185303,0.930000007152557,5.80000019073486,0.0,35,21,251,632,3162,2016-05-04,390.0,414.0,398.0,0.27638883333333336,62.72769256143823,126.0,42.0,0.0,0.0
4388161847,2016-05-05,9603,7.38000011444092,7.38000011444092,0.0,0.629999995231628,1.66999995708466,5.09000015258789,0.0,12,39,199,896,2899,2016-05-05,471.0,495.0,313.0,0.21736112500000002,62.18452611218569,123.0,42.0,0.0,0.0
4388161847,2016-05-06,13175,10.1300001144409,10.1300001144409,0.0,2.10999989509583,2.08999991416931,5.92999982833862,0.0,33,45,262,1100,3425,2016-05-06,0.0,0.0,451.0,0.3131944583333333,70.33894542090657,151.0,47.0,0.0,0.0
4388161847,2016-05-07,22770,17.5400009155273,17.5400009155273,0.0,9.44999980926514,2.76999998092651,5.32999992370605,0.0,120,56,260,508,4022,2016-05-07,472.0,496.0,732.0,0.508333375,68.19840049215625,153.0,41.0,0.0,0.0
4388161847,2016-05-08,17298,14.3800001144409,14.3800001144409,0.0,9.89000034332275,1.25999999046326,3.23000001907349,0.0,107,38,178,576,3934,2016-05-08,529.0,541.0,575.0,0.3993055833333334,74.46948118006104,171.0,43.0,0.0,0.0
4388161847,2016-05-09,10218,7.8600001335144,7.8600001335144,0.0,0.340000003576279,0.730000019073486,6.78999996185303,0.0,6,19,258,1020,3013,2016-05-09,62.0,65.0,314.0,0.21805558333333333,65.20887888707037,140.0,44.0,0.0,0.0
4388161847,2016-05-10,10299,7.92000007629395,7.92000007629395,0.0,0.810000002384186,0.649999976158142,6.46000003814697,0.0,13,14,267,648,3061,2016-05-10,354.0,375.0,334.0,0.23194454166666667,62.34932980307794,121.0,41.0,0.0,0.0
4388161847,2016-05-11,10201,7.84000015258789,7.84000015258789,0.0,0.529999971389771,0.790000021457672,6.53000020980835,0.0,8,18,256,858,2954,2016-05-11,469.0,494.0,316.0,0.21944445833333334,61.40373148682439,125.0,40.0,0.0,0.0
4388161847,2016-05-12,3369,2.58999991416931,2.58999991416931,0.0,0.0,0.0,2.58999991416931,0.0,0,0,108,825,1623,2016-05-12,0.0,0.0,101.0,0.11222226666666665,61.36938202247191,136.0,44.0,0.0,0.0
4445114986,2016-04-12,3276,2.20000004768372,2.20000004768372,0.0,0.0,0.0,2.20000004768372,0.0,0,0,196,787,2113,2016-04-12,429.0,457.0,196.0,0.13611108333333333,0.0,0.0,0.0,0.0,0.0
4445114986,2016-04-13,2961,1.99000000953674,1.99000000953674,0.0,0.0,0.0,1.99000000953674,0.0,0,0,194,840,2095,2016-04-13,370.0,406.0,194.0,0.13472220833333334,0.0,0.0,0.0,0.0,0.0
4445114986,2016-04-14,3974,2.67000007629395,2.67000007629395,0.0,0.0,0.0,2.67000007629395,0.0,0,0,231,717,2194,2016-04-14,441.0,492.0,231.0,0.16041670833333332,0.0,0.0,0.0,0.0,0.0
4445114986,2016-04-15,7198,4.82999992370605,4.82999992370605,0.0,0.0,0.0,4.82999992370605,0.0,0,0,350,711,2496,2016-04-15,337.0,379.0,350.0,0.24305554166666665,0.0,0.0,0.0,0.0,0.0
4445114986,2016-04-16,3945,2.65000009536743,2.65000009536743,0.0,0.0,0.0,2.65000009536743,0.0,0,0,225,716,2180,2016-04-16,462.0,499.0,225.0,0.15625004166666664,0.0,0.0,0.0,0.0,0.0
4445114986,2016-04-17,2268,1.51999998092651,1.51999998092651,0.0,0.0,0.0,1.51999998092651,0.0,0,0,114,1219,1933,2016-04-17,98.0,107.0,114.0,0.07916670833333334,0.0,0.0,0.0,0.0,0.0
4445114986,2016-04-18,6155,4.23999977111816,4.23999977111816,0.0,2.0,0.28999999165535,1.95000004768372,0.0,25,6,162,1247,2248,2016-04-18,0.0,0.0,249.0,0.1729166666666667,0.0,0.0,0.0,0.0,0.0
4445114986,2016-04-19,2064,1.38999998569489,1.38999998569489,0.0,0.0,0.0,1.38999998569489,0.0,0,0,121,895,1954,2016-04-19,388.0,424.0,121.0,0.08402770833333334,0.0,0.0,0.0,0.0,0.0
4445114986,2016-04-20,2072,1.38999998569489,1.38999998569489,0.0,0.0,0.0,1.38999998569489,0.0,0,0,137,841,1974,2016-04-20,439.0,462.0,137.0,0.09513891666666667,0.0,0.0,0.0,0.0,0.0
4445114986,2016-04-21,3809,2.55999994277954,2.55999994277954,0.0,0.0,0.0,2.53999996185303,0.0,0,0,215,756,2150,2016-04-21,436.0,469.0,215.0,0.14930558333333332,0.0,0.0,0.0,0.0,0.0
4445114986,2016-04-22,6831,4.57999992370605,4.57999992370605,0.0,0.0,0.0,4.57999992370605,0.0,0,0,317,706,2432,2016-04-22,388.0,417.0,317.0,0.22013891666666666,0.0,0.0,0.0,0.0,0.0
4445114986,2016-04-23,4363,2.9300000667572,2.9300000667572,0.0,0.0,0.0,2.9300000667572,0.0,0,0,201,1239,2149,2016-04-23,0.0,0.0,201.0,0.13958333333333334,0.0,0.0,0.0,0.0,0.0
4445114986,2016-04-24,5002,3.35999989509583,3.35999989509583,0.0,0.0,0.0,3.35999989509583,0.0,0,0,244,1196,2247,2016-04-24,0.0,0.0,244.0,0.169444375,0.0,0.0,0.0,0.0,0.0
4445114986,2016-04-25,3385,2.26999998092651,2.26999998092651,0.0,0.0,0.0,2.26999998092651,0.0,0,0,179,916,2070,2016-04-25,328.0,345.0,179.0,0.12430554166666667,0.0,0.0,0.0,0.0,0.0
4445114986,2016-04-26,6326,4.40999984741211,4.40999984741211,0.0,2.41000008583069,0.0399999991059303,1.96000003814697,0.0,29,1,180,839,2291,2016-04-26,353.0,391.0,269.0,0.18680554166666666,0.0,0.0,0.0,0.0,0.0
4445114986,2016-04-27,7243,5.03000020980835,5.03000020980835,0.0,2.61999988555908,0.0299999993294477,2.38000011444092,0.0,32,1,194,839,2361,2016-04-27,332.0,374.0,292.0,0.20277779166666668,0.0,0.0,0.0,0.0,0.0
4445114986,2016-04-28,4493,3.00999999046326,3.00999999046326,0.0,0.0,0.0,3.00999999046326,0.0,0,0,236,762,2203,2016-04-28,419.0,442.0,236.0,0.163888875,0.0,0.0,0.0,0.0,0.0
4445114986,2016-04-29,4676,3.14000010490417,3.14000010490417,0.0,0.0,0.0,3.13000011444092,0.0,0,0,226,1106,2196,2016-04-29,106.0,108.0,226.0,0.15694450000000001,0.0,0.0,0.0,0.0,0.0
4445114986,2016-04-30,6222,4.17999982833862,4.17999982833862,0.0,0.0,0.0,4.17999982833862,0.0,0,0,290,797,2363,2016-04-30,322.0,353.0,290.0,0.20138891666666667,0.0,0.0,0.0,0.0,0.0
4445114986,2016-05-01,5232,3.50999999046326,3.50999999046326,0.0,0.0,0.0,3.50999999046326,0.0,0,0,240,741,2246,2016-05-01,439.0,459.0,240.0,0.16666666666666666,0.0,0.0,0.0,0.0,0.0
4445114986,2016-05-02,6910,4.75,4.75,0.0,2.21000003814697,0.189999997615814,2.34999990463257,0.0,27,4,200,667,2336,2016-05-02,502.0,542.0,289.0,0.20069441666666665,0.0,0.0,0.0,0.0,0.0
4445114986,2016-05-03,7502,5.17999982833862,5.17999982833862,0.0,2.48000001907349,0.109999999403954,2.57999992370605,0.0,30,2,233,725,2421,2016-05-03,417.0,450.0,327.0,0.227083375,0.0,0.0,0.0,0.0,0.0
4445114986,2016-05-04,2923,1.96000003814697,1.96000003814697,0.0,0.0,0.0,1.96000003814697,0.0,0,0,180,897,2070,2016-05-04,337.0,363.0,180.0,0.12500008333333332,0.0,0.0,0.0,0.0,0.0
4445114986,2016-05-05,3800,2.54999995231628,2.54999995231628,0.0,0.119999997317791,0.239999994635582,2.1800000667572,0.0,2,6,185,734,2120,2016-05-05,462.0,513.0,203.0,0.14097225,0.0,0.0,0.0,0.0,0.0
4445114986,2016-05-06,4514,3.02999997138977,3.02999997138977,0.0,0.0,0.0,3.02999997138977,0.0,0,0,229,809,2211,2016-05-06,374.0,402.0,229.0,0.15902791666666669,0.0,0.0,0.0,0.0,0.0
4445114986,2016-05-07,5183,3.58999991416931,3.58999991416931,0.0,2.13000011444092,0.189999997615814,1.25,0.0,26,4,108,866,2123,2016-05-07,401.0,436.0,194.0,0.13472220833333334,0.0,0.0,0.0,0.0,0.0
4445114986,2016-05-08,7303,4.90000009536743,4.90000009536743,0.0,0.0,0.25,4.65000009536743,0.0,0,8,308,733,2423,2016-05-08,361.0,391.0,324.0,0.22499995833333333,0.0,0.0,0.0,0.0,0.0
4445114986,2016-05-09,5275,3.53999996185303,3.53999996185303,0.0,0.0,0.0,3.53999996185303,0.0,0,0,266,641,2281,2016-05-09,457.0,533.0,266.0,0.18472225,0.0,0.0,0.0,0.0,0.0
4445114986,2016-05-10,3915,2.63000011444092,2.63000011444092,0.0,0.0,0.0,2.63000011444092,0.0,0,0,231,783,2181,2016-05-10,405.0,426.0,231.0,0.16041670833333332,0.0,0.0,0.0,0.0,0.0
4445114986,2016-05-11,9105,6.1100001335144,6.1100001335144,0.0,2.25,1.0,2.85999989509583,0.0,34,22,232,622,2499,2016-05-11,499.0,530.0,378.0,0.26249991666666667,0.0,0.0,0.0,0.0,0.0
4445114986,2016-05-12,768,0.519999980926514,0.519999980926514,0.0,0.0,0.0,0.519999980926514,0.0,0,0,58,380,1212,2016-05-12,483.0,501.0,51.0,0.05666673333333334,0.0,0.0,0.0,0.0,0.0
4558609924,2016-04-12,5135,3.39000010490417,3.39000010490417,0.0,0.0,0.0,3.39000010490417,0.0,0,0,318,1122,1909,2016-04-12,0.0,0.0,318.0,0.220833375,76.83827701831314,104.0,57.0,0.0,0.0
4558609924,2016-04-13,4978,3.28999996185303,3.28999996185303,0.0,1.24000000953674,0.439999997615814,1.61000001430511,0.0,19,7,127,1287,1722,2016-04-13,0.0,0.0,198.0,0.13750004166666668,85.10215664018162,144.0,64.0,0.0,0.0
4558609924,2016-04-14,6799,4.48999977111816,4.48999977111816,0.0,0.0,0.0,4.48999977111816,0.0,0,0,279,1161,1922,2016-04-14,0.0,0.0,279.0,0.19374991666666666,81.55655599324704,108.0,56.0,0.0,0.0
4558609924,2016-04-15,7795,5.15000009536743,5.15000009536743,0.0,0.589999973773956,0.839999973773956,3.73000001907349,0.0,17,30,262,1131,2121,2016-04-15,0.0,0.0,373.0,0.2590277916666667,90.86349049617378,146.0,58.0,0.0,0.0
4558609924,2016-04-16,7289,4.82000017166138,4.82000017166138,0.0,0.550000011920929,0.75,3.5,0.0,8,12,308,1112,1997,2016-04-16,0.0,0.0,356.0,0.24722229166666668,76.29632320883593,135.0,55.0,0.0,0.0
4558609924,2016-04-17,9634,6.40000009536743,6.40000009536743,0.0,0.550000011920929,1.13999998569489,4.71000003814697,0.0,7,19,304,1110,2117,2016-04-17,0.0,0.0,363.0,0.252083375,83.2046897899365,136.0,57.0,0.0,0.0
4558609924,2016-04-18,8940,5.90999984741211,5.90999984741211,0.0,0.980000019073486,0.930000007152557,4.0,0.0,14,15,331,1080,2116,2016-04-18,0.0,0.0,403.0,0.27986104166666664,80.4574690464705,141.0,55.0,69.6999969482422,27.25
4558609924,2016-04-19,5401,3.5699999332428,3.5699999332428,0.0,0.0500000007450581,0.360000014305115,3.16000008583069,0.0,1,9,248,1182,1876,2016-04-19,0.0,0.0,269.0,0.18680558333333333,83.0984677782785,132.0,61.0,0.0,0.0
4558609924,2016-04-20,4803,3.17000007629395,3.17000007629395,0.0,0.0,0.0,3.17000007629395,0.0,0,0,222,1218,1788,2016-04-20,0.0,0.0,222.0,0.154166625,76.92327166504381,110.0,57.0,0.0,0.0
4558609924,2016-04-21,13743,9.07999992370605,9.07999992370605,0.0,0.419999986886978,0.970000028610229,7.69999980926514,0.0,6,21,432,844,2486,2016-04-21,126.0,137.0,492.0,0.34166674999999996,85.66238718698361,121.0,54.0,0.0,0.0
4558609924,2016-04-22,9601,6.34999990463257,6.34999990463257,0.0,1.37000000476837,1.5,3.47000002861023,0.0,20,25,273,1122,2094,2016-04-22,0.0,0.0,383.0,0.26597224999999997,82.56045881790665,140.0,57.0,0.0,0.0
4558609924,2016-04-23,6890,4.55000019073486,4.55000019073486,0.0,0.340000003576279,0.200000002980232,4.01000022888184,0.0,5,5,308,1122,2085,2016-04-23,0.0,0.0,333.0,0.23124999999999998,85.85146641438033,133.0,60.0,0.0,0.0
4558609924,2016-04-24,8563,5.65999984741211,5.65999984741211,0.0,0.0,0.0,5.65000009536743,0.0,0,0,395,1045,2173,2016-04-24,0.0,0.0,395.0,0.27430554166666665,83.96923312413898,121.0,58.0,0.0,0.0
4558609924,2016-04-25,8095,5.34999990463257,5.34999990463257,0.0,0.589999973773956,0.25,4.51000022888184,0.0,18,10,340,993,2225,2016-04-25,0.0,0.0,414.0,0.2875,82.49422222222222,163.0,55.0,70.3000030517578,27.4599990844727
4558609924,2016-04-26,9148,6.05000019073486,6.05000019073486,0.0,0.430000007152557,2.02999997138977,3.58999991416931,0.0,12,41,283,1062,2223,2016-04-26,103.0,121.0,401.0,0.27847220833333336,91.335402888379,148.0,59.0,0.0,0.0
4558609924,2016-04-27,9557,6.32000017166138,6.32000017166138,0.0,1.96000003814697,0.889999985694885,3.46000003814697,0.0,27,14,312,1087,2098,2016-04-27,0.0,0.0,421.0,0.292361125,84.5569756698491,122.0,60.0,0.0,0.0
4558609924,2016-04-28,9451,6.25,6.25,0.0,0.0199999995529652,0.270000010728836,5.94999980926514,0.0,1,11,367,985,2185,2016-04-28,0.0,0.0,392.0,0.27222233333333334,85.64209429538943,133.0,59.0,0.0,0.0
4558609924,2016-04-29,7833,5.17999982833862,5.17999982833862,0.0,1.01999998092651,1.85000002384186,2.30999994277954,0.0,15,29,197,1096,1918,2016-04-29,171.0,179.0,300.0,0.20833329166666667,80.55509145902347,139.0,53.0,0.0,0.0
4558609924,2016-04-30,10319,6.82000017166138,6.82000017166138,0.0,0.469999998807907,1.88999998569489,4.46000003814697,0.0,7,29,293,1111,2105,2016-04-30,0.0,0.0,372.0,0.25833337500000003,79.18702506521493,134.0,53.0,0.0,0.0
4558609924,2016-05-01,3428,2.26999998092651,2.26999998092651,0.0,0.0,0.0,2.26999998092651,0.0,0,0,190,1121,1692,2016-05-01,115.0,129.0,190.0,0.13194441666666668,71.26555652936021,127.0,53.0,69.9000015258789,27.3199996948242
4558609924,2016-05-02,7891,5.21999979019165,5.21999979019165,0.0,0.0,0.0,5.21999979019165,0.0,0,0,383,1057,2066,2016-05-02,0.0,0.0,383.0,0.26597224999999997,79.19207599629286,108.0,55.0,69.1999969482422,27.0400009155273
4558609924,2016-05-03,5267,3.48000001907349,3.48000001907349,0.0,0.600000023841858,0.280000001192093,2.59999990463257,0.0,21,10,237,1172,1953,2016-05-03,0.0,0.0,320.0,0.22222233333333333,80.38312747611279,148.0,52.0,0.0,0.0
4558609924,2016-05-04,5232,3.46000003814697,3.46000003814697,0.0,0.0,0.0,3.46000003814697,0.0,0,0,252,1188,1842,2016-05-04,0.0,0.0,252.0,0.17499995833333334,77.1572192513369,127.0,54.0,0.0,0.0
4558609924,2016-05-05,10611,7.01000022888184,7.01000022888184,0.0,1.00999999046326,0.5,5.51000022888184,0.0,14,8,370,1048,2262,2016-05-05,0.0,0.0,428.0,0.29722224999999997,82.77447474295933,130.0,48.0,0.0,0.0
4558609924,2016-05-06,3755,2.48000001907349,2.48000001907349,0.0,0.0,0.0,2.48000001907349,0.0,0,0,202,1238,1722,2016-05-06,0.0,0.0,202.0,0.14027783333333332,72.46975188179537,110.0,51.0,0.0,0.0
4558609924,2016-05-07,8237,5.44000005722046,5.44000005722046,0.0,1.61000001430511,1.0,2.82999992370605,0.0,23,16,233,1116,1973,2016-05-07,0.0,0.0,334.0,0.23194445833333333,76.63117241379311,116.0,54.0,0.0,0.0
4558609924,2016-05-08,6543,4.32999992370605,4.32999992370605,0.0,1.79999995231628,0.5,2.01999998092651,0.0,66,35,238,1019,2666,2016-05-08,123.0,134.0,506.0,0.35138891666666666,107.05877192982456,199.0,45.0,0.0,0.0
4558609924,2016-05-09,11451,7.57000017166138,7.57000017166138,0.0,0.430000007152557,1.62000000476837,5.51999998092651,0.0,6,30,339,1065,2223,2016-05-09,0.0,0.0,417.0,0.28958333333333336,79.83589859665007,110.0,54.0,69.0999984741211,27.0
4558609924,2016-05-10,6435,4.25,4.25,0.0,0.740000009536743,1.12000000476837,2.39000010490417,0.0,11,18,220,1191,1889,2016-05-10,0.0,0.0,289.0,0.20069445833333333,75.19231760763083,147.0,50.0,0.0,0.0
4558609924,2016-05-11,9108,6.01999998092651,6.01999998092651,0.0,0.259999990463257,1.82000005245209,3.94000005722046,0.0,4,31,324,1081,2131,2016-05-11,0.0,0.0,398.0,0.27638887500000003,75.65002344116269,138.0,44.0,0.0,0.0
4558609924,2016-05-12,6307,4.17000007629395,4.17000007629395,0.0,0.0,0.0,4.17000007629395,0.0,0,0,247,736,1452,2016-05-12,0.0,0.0,232.0,0.241666625,80.23353751914242,117.0,54.0,0.0,0.0
4702921684,2016-04-12,7213,5.88000011444092,5.88000011444092,0.0,0.0,0.0,5.84999990463257,0.0,0,0,263,718,2947,2016-04-12,425.0,439.0,263.0,0.182638875,0.0,0.0,0.0,0.0,0.0
4702921684,2016-04-13,6877,5.57999992370605,5.57999992370605,0.0,0.0,0.0,5.57999992370605,0.0,0,0,258,777,2898,2016-04-13,400.0,430.0,258.0,0.17916666666666667,0.0,0.0,0.0,0.0,0.0
4702921684,2016-04-14,7860,6.36999988555908,6.36999988555908,0.0,0.0,0.0,6.36999988555908,0.0,0,0,271,772,2984,2016-04-14,384.0,415.0,271.0,0.18819450000000001,0.0,0.0,0.0,0.0,0.0
4702921684,2016-04-15,6506,5.28000020980835,5.28000020980835,0.0,0.0700000002980232,0.419999986886978,4.78999996185303,0.0,1,8,256,944,2896,2016-04-15,253.0,257.0,275.0,0.1909722083333333,0.0,0.0,0.0,0.0,0.0
4702921684,2016-04-16,11140,9.02999973297119,9.02999973297119,0.0,0.239999994635582,1.25,7.53999996185303,0.0,3,24,335,556,3328,2016-04-16,382.0,406.0,392.0,0.2722222083333334,0.0,0.0,0.0,0.0,0.0
4702921684,2016-04-17,12692,10.289999961853,10.289999961853,0.0,0.959999978542328,3.46000003814697,5.88000011444092,0.0,12,66,302,437,3394,2016-04-17,591.0,612.0,470.0,0.32638887499999997,0.0,0.0,0.0,0.0,0.0
4702921684,2016-04-18,9105,7.38000011444092,7.38000011444092,0.0,1.82000005245209,1.49000000953674,4.07000017166138,0.0,22,30,191,890,3013,2016-04-18,293.0,312.0,317.0,0.2201387916666667,0.0,0.0,0.0,0.0,0.0
4702921684,2016-04-19,6708,5.44000005722046,5.44000005722046,0.0,0.879999995231628,0.370000004768372,4.19000005722046,0.0,10,8,179,757,2812,2016-04-19,457.0,487.0,225.0,0.15625,0.0,0.0,0.0,0.0,0.0
4702921684,2016-04-20,8793,7.13000011444092,7.13000011444092,0.0,0.159999996423721,1.23000001907349,5.73000001907349,0.0,2,29,260,717,3061,2016-04-20,454.0,468.0,324.0,0.22499995833333333,0.0,0.0,0.0,0.0,0.0
4702921684,2016-04-21,6530,5.30000019073486,5.30000019073486,0.0,0.310000002384186,2.04999995231628,2.94000005722046,0.0,4,41,144,901,2729,2016-04-21,425.0,434.0,238.0,0.16527779166666667,0.0,0.0,0.0,0.0,0.0
4702921684,2016-04-22,1664,1.35000002384186,1.35000002384186,0.0,0.0,0.0,1.35000002384186,0.0,0,0,72,1341,2241,2016-04-22,0.0,0.0,72.0,0.05000000000000001,0.0,0.0,0.0,0.0,0.0
4702921684,2016-04-23,15126,12.2700004577637,12.2700004577637,0.0,0.759999990463257,3.24000000953674,8.27000045776367,0.0,9,66,408,469,3691,2016-04-23,465.0,475.0,567.0,0.39375008333333333,0.0,0.0,0.0,0.0,0.0
4702921684,2016-04-24,15050,12.2200002670288,12.2200002670288,0.0,1.20000004768372,5.11999988555908,5.88000011444092,0.0,15,95,281,542,3538,2016-04-24,480.0,506.0,516.0,0.358333375,0.0,0.0,0.0,0.0,0.0
4702921684,2016-04-25,9167,7.42999982833862,7.42999982833862,0.0,0.490000009536743,0.819999992847443,6.1100001335144,0.0,6,15,270,730,3064,2016-04-25,370.0,380.0,318.0,0.220833375,0.0,0.0,0.0,0.0,0.0
4702921684,2016-04-26,6108,4.94999980926514,4.94999980926514,0.0,0.0700000002980232,0.349999994039536,4.53999996185303,0.0,1,8,216,765,2784,2016-04-26,421.0,429.0,235.0,0.16319445833333332,0.0,0.0,0.0,0.0,0.0
4702921684,2016-04-27,7047,5.71999979019165,5.71999979019165,0.0,0.0900000035762787,0.800000011920929,4.78000020980835,0.0,1,16,238,733,2908,2016-04-27,432.0,449.0,273.0,0.189583375,0.0,0.0,0.0,0.0,0.0
4702921684,2016-04-28,9023,7.32000017166138,7.32000017166138,0.0,1.12999999523163,0.419999986886978,5.76999998092651,0.0,14,9,232,738,3033,2016-04-28,442.0,461.0,292.0,0.20277779166666665,0.0,0.0,0.0,0.0,0.0
4702921684,2016-04-29,9930,8.05000019073486,8.05000019073486,0.0,1.05999994277954,0.920000016689301,6.07000017166138,0.0,12,19,267,692,3165,2016-04-29,433.0,447.0,341.0,0.23680554166666667,0.0,0.0,0.0,0.0,0.0
4702921684,2016-04-30,10144,8.22999954223633,8.22999954223633,0.0,0.319999992847443,2.02999997138977,5.88000011444092,0.0,4,36,263,728,3115,2016-04-30,479.0,501.0,347.0,0.24097225,0.0,0.0,0.0,0.0,0.0
4702921684,2016-05-02,7245,5.92000007629395,5.92000007629395,0.0,0.379999995231628,1.74000000953674,3.75999999046326,0.0,5,40,195,1131,2859,2016-05-02,0.0,0.0,290.0,0.20138895833333334,0.0,0.0,0.0,0.0,0.0
4702921684,2016-05-03,9454,7.67000007629395,7.67000007629395,0.0,0.0,0.0,7.67000007629395,0.0,0,0,313,729,3145,2016-05-03,327.0,373.0,313.0,0.21736108333333334,0.0,0.0,0.0,0.0,0.0
4702921684,2016-05-04,8161,6.61999988555908,6.61999988555908,0.0,0.340000003576279,0.730000019073486,5.53999996185303,0.0,4,15,251,757,3004,2016-05-04,412.0,434.0,293.0,0.20347220833333335,0.0,0.0,0.0,0.0,0.0
4702921684,2016-05-05,8614,6.98999977111816,6.98999977111816,0.0,0.670000016689301,0.219999998807907,6.09000015258789,0.0,8,5,241,745,3006,2016-05-05,414.0,428.0,275.0,0.19097229166666665,0.0,0.0,0.0,0.0,0.0
4702921684,2016-05-06,6943,5.63000011444092,5.63000011444092,0.0,0.0799999982118607,0.660000026226044,4.86999988555908,0.0,1,16,207,682,2859,2016-05-06,404.0,449.0,242.0,0.16805554166666667,0.0,0.0,0.0,0.0,0.0
4702921684,2016-05-07,14370,11.6499996185303,11.6499996185303,0.0,0.370000004768372,2.30999994277954,8.97000026702881,0.0,5,46,439,577,3683,2016-05-07,520.0,543.0,546.0,0.37916662500000003,0.0,0.0,0.0,0.0,0.0
4702921684,2016-05-08,12857,10.4300003051758,10.4300003051758,0.0,0.680000007152557,6.21000003814697,3.53999996185303,0.0,9,125,192,1019,3287,2016-05-08,0.0,0.0,469.0,0.3256945,0.0,0.0,0.0,0.0,0.0
4702921684,2016-05-09,8232,6.67999982833862,6.67999982833862,0.0,0.0,0.569999992847443,6.09999990463257,0.0,0,12,253,746,2990,2016-05-09,435.0,458.0,277.0,0.19236104166666668,0.0,0.0,0.0,0.0,0.0
4702921684,2016-05-10,10613,8.60999965667725,8.60999965667725,0.0,0.0799999982118607,1.87999999523163,6.65000009536743,0.0,1,37,262,701,3172,2016-05-10,416.0,431.0,339.0,0.23541662500000002,0.0,0.0,0.0,0.0,0.0
4702921684,2016-05-11,9810,7.96000003814697,7.96000003814697,0.0,0.779999971389771,2.16000008583069,4.98000001907349,0.0,10,41,235,784,3069,2016-05-11,354.0,366.0,347.0,0.24097220833333333,0.0,0.0,0.0,0.0,0.0
4702921684,2016-05-12,2752,2.23000001907349,2.23000001907349,0.0,0.0,0.0,2.23000001907349,0.0,0,0,68,241,1240,2016-05-12,404.0,442.0,68.0,0.10303036363636364,0.0,0.0,0.0,0.0,0.0
5553957443,2016-04-12,11596,7.57000017166138,7.57000017166138,0.0,1.37000000476837,0.790000021457672,5.40999984741211,0.0,19,13,277,767,2026,2016-04-12,441.0,464.0,360.0,0.24999991666666666,65.43932089708656,106.0,50.0,0.0,0.0
5553957443,2016-04-13,4832,3.16000008583069,3.16000008583069,0.0,0.0,0.0,3.16000008583069,0.0,0,0,226,647,1718,2016-04-13,455.0,488.0,226.0,0.15694445833333334,59.01013798929879,84.0,47.0,0.0,0.0
5553957443,2016-04-14,17022,11.1199998855591,11.1199998855591,0.0,4.0,2.45000004768372,4.67000007629395,0.0,61,41,256,693,2324,2016-04-14,357.0,418.0,521.0,0.36180562499999996,0.0,0.0,0.0,0.0,0.0
5553957443,2016-04-15,16556,10.8599996566772,10.8599996566772,0.0,4.15999984741211,1.98000001907349,4.71000003814697,0.0,58,38,239,689,2254,2016-04-15,377.0,409.0,489.0,0.33958333333333335,0.0,0.0,0.0,0.0,0.0
5553957443,2016-04-16,5771,3.76999998092651,3.76999998092651,0.0,0.0,0.0,3.76999998092651,0.0,0,0,288,521,1831,2016-04-16,651.0,686.0,288.0,0.200000125,0.0,0.0,0.0,0.0,0.0
5553957443,2016-04-17,655,0.430000007152557,0.430000007152557,0.0,0.0,0.0,0.430000007152557,0.0,0,0,46,943,1397,2016-04-17,350.0,402.0,46.0,0.03194441666666666,0.0,0.0,0.0,0.0,0.0
5553957443,2016-04-18,3727,2.4300000667572,2.4300000667572,0.0,0.0,0.0,2.4300000667572,0.0,0,0,206,622,1683,2016-04-18,520.0,541.0,206.0,0.14305566666666666,0.0,0.0,0.0,0.0,0.0
5553957443,2016-04-19,15482,10.1099996566772,10.1099996566772,0.0,4.28000020980835,1.6599999666214,4.17999982833862,0.0,69,28,249,756,2284,2016-04-19,357.0,410.0,512.0,0.3555555416666667,0.0,0.0,0.0,0.0,0.0
5553957443,2016-04-20,2713,1.76999998092651,1.76999998092651,0.0,0.0,0.0,1.76999998092651,0.0,0,0,148,598,1570,2016-04-20,658.0,678.0,148.0,0.10277783333333333,0.0,0.0,0.0,0.0,0.0
5553957443,2016-04-21,12346,8.0600004196167,8.0600004196167,0.0,2.95000004768372,2.16000008583069,2.96000003814697,0.0,47,42,177,801,2066,2016-04-21,399.0,431.0,402.0,0.2791666666666667,0.0,0.0,0.0,0.0,0.0
5553957443,2016-04-22,11682,7.63000011444092,7.63000011444092,0.0,1.37999999523163,0.629999995231628,5.59999990463257,0.0,25,16,270,781,2105,2016-04-22,322.0,353.0,377.0,0.2618055833333333,0.0,0.0,0.0,0.0,0.0
5553957443,2016-04-23,4112,2.69000005722046,2.69000005722046,0.0,0.0,0.0,2.6800000667572,0.0,0,0,272,443,1776,2016-04-23,631.0,725.0,272.0,0.18888887499999998,0.0,0.0,0.0,0.0,0.0
5553957443,2016-04-24,1807,1.17999994754791,1.17999994754791,0.0,0.0,0.0,1.17999994754791,0.0,0,0,104,582,1507,2016-04-24,553.0,640.0,104.0,0.07222216666666667,0.0,0.0,0.0,0.0,0.0
5553957443,2016-04-25,10946,7.19000005722046,7.19000005722046,0.0,2.9300000667572,0.569999992847443,3.69000005722046,0.0,51,11,201,732,2033,2016-04-25,433.0,468.0,376.0,0.26111104166666665,0.0,0.0,0.0,0.0,0.0
5553957443,2016-04-26,11886,7.76000022888184,7.76000022888184,0.0,2.36999988555908,0.930000007152557,4.46000003814697,0.0,40,18,238,750,2093,2016-04-26,412.0,453.0,394.0,0.273611125,0.0,0.0,0.0,0.0,0.0
5553957443,2016-04-27,10538,6.88000011444092,6.88000011444092,0.0,1.13999998569489,1.0,4.73999977111816,0.0,16,16,206,745,1922,2016-04-27,347.0,391.0,286.0,0.19861116666666667,0.0,0.0,0.0,0.0,0.0
5553957443,2016-04-28,11393,7.63000011444092,7.63000011444092,0.0,3.71000003814697,0.75,3.17000007629395,0.0,49,13,165,727,1999,2016-04-28,421.0,457.0,338.0,0.23472225,0.0,0.0,0.0,0.0,0.0
5553957443,2016-04-29,12764,8.32999992370605,8.32999992370605,0.0,2.78999996185303,0.639999985694885,4.90999984741211,0.0,46,15,270,709,2169,2016-04-29,450.0,495.0,438.0,0.3041665416666667,0.0,0.0,0.0,0.0,0.0
5553957443,2016-04-30,1202,0.779999971389771,0.779999971389771,0.0,0.0,0.0,0.779999971389771,0.0,0,0,84,506,1463,2016-04-30,775.0,843.0,84.0,0.05833333333333334,0.0,0.0,0.0,0.0,0.0
5553957443,2016-05-01,5164,3.36999988555908,3.36999988555908,0.0,0.0,0.0,3.36999988555908,0.0,0,0,237,436,1747,2016-05-01,622.0,686.0,237.0,0.16458329166666666,0.0,0.0,0.0,0.0,0.0
5553957443,2016-05-02,9769,6.38000011444092,6.38000011444092,0.0,1.05999994277954,0.409999996423721,4.90000009536743,0.0,23,9,227,724,1996,2016-05-02,409.0,471.0,314.0,0.21805554166666666,0.0,0.0,0.0,0.0,0.0
5553957443,2016-05-03,12848,8.39000034332275,8.39000034332275,0.0,1.5,1.20000004768372,5.67999982833862,0.0,26,29,247,812,2116,2016-05-03,380.0,429.0,383.0,0.26597224999999997,0.0,0.0,0.0,0.0,0.0
5553957443,2016-05-04,4249,2.76999998092651,2.76999998092651,0.0,0.0,0.0,2.76999998092651,0.0,0,0,224,651,1698,2016-05-04,447.0,470.0,224.0,0.15555558333333333,0.0,0.0,0.0,0.0,0.0
5553957443,2016-05-05,14331,9.51000022888184,9.51000022888184,0.0,3.4300000667572,1.6599999666214,4.42999982833862,0.0,44,29,241,692,2156,2016-05-05,419.0,464.0,431.0,0.299305625,0.0,0.0,0.0,0.0,0.0
5553957443,2016-05-06,9632,6.28999996185303,6.28999996185303,0.0,1.51999998092651,0.540000021457672,4.23000001907349,0.0,21,9,229,761,1916,2016-05-06,400.0,434.0,310.0,0.2152778333333333,0.0,0.0,0.0,0.0,0.0
5553957443,2016-05-07,1868,1.22000002861023,1.22000002861023,0.0,0.0,0.0,1.22000002861023,0.0,0,0,96,902,1494,2016-05-07,442.0,470.0,96.0,0.06666670833333334,0.0,0.0,0.0,0.0,0.0
5553957443,2016-05-08,6083,4.0,4.0,0.0,0.219999998807907,0.469999998807907,3.29999995231628,0.0,3,8,210,505,1762,2016-05-08,568.0,608.0,235.0,0.16319445833333335,0.0,0.0,0.0,0.0,0.0
5553957443,2016-05-09,11611,7.57999992370605,7.57999992370605,0.0,2.13000011444092,0.889999985694885,4.55999994277954,0.0,59,22,251,667,2272,2016-05-09,453.0,494.0,472.0,0.3277778333333333,0.0,0.0,0.0,0.0,0.0
5553957443,2016-05-10,16358,10.710000038147,10.710000038147,0.0,3.86999988555908,1.61000001430511,5.19999980926514,0.0,61,40,265,707,2335,2016-05-10,418.0,443.0,528.0,0.36666675,0.0,0.0,0.0,0.0,0.0
5553957443,2016-05-11,4926,3.22000002861023,3.22000002861023,0.0,0.0,0.0,3.22000002861023,0.0,0,0,195,628,1693,2016-05-11,463.0,486.0,195.0,0.13541666666666666,0.0,0.0,0.0,0.0,0.0
5553957443,2016-05-12,3121,2.03999996185303,2.03999996185303,0.0,0.579999983310699,0.400000005960464,1.05999994277954,0.0,8,6,48,222,741,2016-05-12,438.0,475.0,84.0,0.14000010000000002,0.0,0.0,0.0,0.0,0.0
5577150313,2016-04-12,8135,6.07999992370605,6.07999992370605,0.0,3.59999990463257,0.379999995231628,2.09999990463257,0.0,86,16,140,728,3405,2016-04-12,419.0,438.0,430.0,0.29861108333333336,0.0,0.0,0.0,0.0,0.0
5577150313,2016-04-13,5077,3.78999996185303,3.78999996185303,0.0,0.319999992847443,0.219999998807907,3.25,0.0,15,11,144,776,2551,2016-04-13,432.0,458.0,211.0,0.14652775,0.0,0.0,0.0,0.0,0.0
5577150313,2016-04-14,8596,6.42000007629395,6.42000007629395,0.0,3.32999992370605,0.310000002384186,2.77999997138977,0.0,118,30,176,662,4022,2016-04-14,477.0,497.0,590.0,0.40972220833333334,0.0,0.0,0.0,0.0,0.0
5577150313,2016-04-15,12087,9.07999992370605,9.07999992370605,0.0,3.92000007629395,1.60000002384186,3.55999994277954,0.0,115,54,199,695,4005,2016-04-15,392.0,413.0,652.0,0.452777875,0.0,0.0,0.0,0.0,0.0
5577150313,2016-04-16,14269,10.6599998474121,10.6599998474121,0.0,6.6399998664856,1.27999997138977,2.73000001907349,0.0,184,56,158,472,4274,2016-04-16,406.0,445.0,822.0,0.5708333333333334,0.0,0.0,0.0,0.0,0.0
5577150313,2016-04-17,12231,9.14000034332275,9.14000034332275,0.0,5.98000001907349,0.829999983310699,2.3199999332428,0.0,200,37,159,525,4552,2016-04-17,549.0,583.0,833.0,0.5784722083333333,0.0,0.0,0.0,90.6999969482422,28.0
5577150313,2016-04-18,9893,7.3899998664856,7.3899998664856,0.0,4.8600001335144,0.720000028610229,1.82000005245209,0.0,114,32,130,623,3625,2016-04-18,527.0,553.0,536.0,0.37222225000000003,0.0,0.0,0.0,0.0,0.0
5577150313,2016-04-19,12574,9.42000007629395,9.42000007629395,0.0,7.01999998092651,0.639999985694885,1.75999999046326,0.0,108,23,111,733,3501,2016-04-19,449.0,465.0,481.0,0.33402770833333334,0.0,0.0,0.0,0.0,0.0
5577150313,2016-04-20,8330,6.21999979019165,6.21999979019165,0.0,4.11999988555908,0.340000003576279,1.75999999046326,0.0,87,16,113,773,3192,2016-04-20,447.0,480.0,406.0,0.2819444583333333,0.0,0.0,0.0,0.0,0.0
5577150313,2016-04-21,10830,8.09000015258789,8.09000015258789,0.0,3.65000009536743,1.6599999666214,2.77999997138977,0.0,110,74,175,670,4018,2016-04-21,414.0,437.0,653.0,0.4534723333333333,0.0,0.0,0.0,0.0,0.0
5577150313,2016-04-22,9172,6.84999990463257,6.84999990463257,0.0,2.42000007629395,0.790000021457672,3.29999995231628,0.0,62,30,200,823,3329,2016-04-22,338.0,366.0,446.0,0.30972220833333336,0.0,0.0,0.0,0.0,0.0
5577150313,2016-04-23,7638,5.71000003814697,5.71000003814697,0.0,1.21000003814697,0.360000014305115,4.1399998664856,0.0,24,24,223,627,3152,2016-04-23,384.0,402.0,343.0,0.23819441666666666,0.0,0.0,0.0,0.0,0.0
5577150313,2016-04-24,15764,11.7799997329712,11.7799997329712,0.0,7.65000009536743,2.15000009536743,1.98000001907349,0.0,210,65,141,425,4392,2016-04-24,543.0,615.0,901.0,0.625694375,0.0,0.0,0.0,0.0,0.0
5577150313,2016-04-25,6393,4.78000020980835,4.78000020980835,0.0,1.35000002384186,0.670000016689301,2.75999999046326,0.0,61,38,214,743,3374,2016-04-25,421.0,461.0,473.0,0.32847229166666664,0.0,0.0,0.0,0.0,0.0
5577150313,2016-04-26,5325,3.98000001907349,3.98000001907349,0.0,0.850000023841858,0.649999976158142,2.47000002861023,0.0,38,32,181,759,3088,2016-04-26,354.0,377.0,359.0,0.24930549999999999,0.0,0.0,0.0,0.0,0.0
5577150313,2016-04-27,6805,5.1399998664856,5.1399998664856,0.0,1.80999994277954,0.400000005960464,2.9300000667572,0.0,63,16,190,773,3294,2016-04-27,424.0,452.0,411.0,0.2854167083333334,0.0,0.0,0.0,0.0,0.0
5577150313,2016-04-28,9841,7.42999982833862,7.42999982833862,0.0,3.25,1.16999995708466,3.00999999046326,0.0,99,51,141,692,3580,2016-04-28,361.0,372.0,540.0,0.3749999583333334,0.0,0.0,0.0,0.0,0.0
5577150313,2016-04-29,7924,5.92000007629395,5.92000007629395,0.0,2.83999991416931,0.610000014305115,2.47000002861023,0.0,97,36,165,739,3544,2016-04-29,459.0,485.0,528.0,0.36666662499999997,0.0,0.0,0.0,0.0,0.0
5577150313,2016-04-30,12363,9.23999977111816,9.23999977111816,0.0,5.82999992370605,0.790000021457672,2.60999989509583,0.0,207,45,163,621,4501,2016-04-30,412.0,433.0,874.0,0.6069444583333333,0.0,0.0,0.0,0.0,0.0
5577150313,2016-05-01,13368,9.98999977111816,9.98999977111816,0.0,5.30999994277954,1.44000005722046,3.24000000953674,0.0,194,72,178,499,4546,2016-05-01,379.0,398.0,904.0,0.6277777916666666,0.0,0.0,0.0,0.0,0.0
5577150313,2016-05-02,7439,5.55999994277954,5.55999994277954,0.0,1.12000000476837,0.349999994039536,4.07000017166138,0.0,37,20,235,732,3014,2016-05-02,525.0,553.0,386.0,0.26805566666666664,0.0,0.0,0.0,0.0,0.0
5577150313,2016-05-03,11045,8.25,8.25,0.0,4.51999998092651,0.150000005960464,3.5699999332428,0.0,97,8,212,580,3795,2016-05-03,508.0,543.0,519.0,0.3604167916666667,0.0,0.0,0.0,0.0,0.0
5577150313,2016-05-04,5206,3.89000010490417,3.89000010490417,0.0,1.55999994277954,0.25,2.07999992370605,0.0,25,9,141,631,2755,2016-05-04,603.0,634.0,234.0,0.1625,0.0,0.0,0.0,0.0,0.0
5577150313,2016-05-05,7550,5.6399998664856,5.6399998664856,0.0,2.5,0.469999998807907,2.67000007629395,0.0,45,21,143,1153,3004,2016-05-05,74.0,78.0,320.0,0.2222222083333333,0.0,0.0,0.0,0.0,0.0
5577150313,2016-05-06,4950,3.70000004768372,3.70000004768372,0.0,1.92999994754791,0.319999992847443,1.45000004768372,0.0,41,16,79,1304,2643,2016-05-06,0.0,0.0,234.0,0.1625,0.0,0.0,0.0,0.0,0.0
5577150313,2016-05-09,3421,2.55999994277954,2.55999994277954,0.0,1.42999994754791,0.140000000596046,0.990000009536743,0.0,34,11,70,1099,2489,2016-05-09,0.0,0.0,194.0,0.13472220833333334,0.0,0.0,0.0,0.0,0.0
5577150313,2016-05-10,8869,6.65000009536743,6.65000009536743,0.0,2.55999994277954,0.75,3.34999990463257,0.0,104,37,194,639,3841,2016-05-10,504.0,562.0,580.0,0.402777875,0.0,0.0,0.0,0.0,0.0
5577150313,2016-05-11,4038,3.03999996185303,3.03999996185303,0.0,1.83000004291534,0.300000011920929,0.889999985694885,0.0,45,15,63,257,1665,2016-05-11,431.0,476.0,226.0,0.3138889166666667,0.0,0.0,0.0,0.0,0.0
6117666160,2016-04-15,14019,10.5900001525879,10.5900001525879,0.0,0.0,0.280000001192093,10.3000001907349,0.0,0,6,513,921,2865,2016-04-15,0.0,0.0,525.0,0.36458337500000004,0.0,0.0,0.0,0.0,0.0
6117666160,2016-04-16,14450,10.9099998474121,10.9099998474121,0.0,0.579999983310699,0.850000023841858,9.47999954223633,0.0,7,15,518,502,2828,2016-04-16,380.0,398.0,569.0,0.395138875,0.0,0.0,0.0,0.0,0.0
6117666160,2016-04-17,7150,5.40000009536743,5.40000009536743,0.0,0.0,0.0,5.40000009536743,0.0,0,0,312,702,2225,2016-04-17,336.0,350.0,312.0,0.21666675,0.0,0.0,0.0,0.0,0.0
6117666160,2016-04-18,5153,3.91000008583069,3.91000008583069,0.0,0.0,0.0,3.89000010490417,0.0,0,0,241,759,2018,2016-04-18,493.0,510.0,241.0,0.16736116666666667,0.0,0.0,0.0,0.0,0.0
6117666160,2016-04-19,11135,8.40999984741211,8.40999984741211,0.0,0.0,0.0,8.40999984741211,0.0,0,0,480,425,2606,2016-04-19,465.0,492.0,480.0,0.33333324999999997,0.0,0.0,0.0,0.0,0.0
6117666160,2016-04-20,10449,8.02000045776367,8.02000045776367,0.0,2.02999997138977,0.479999989271164,5.51999998092651,0.0,26,10,349,587,2536,2016-04-20,474.0,502.0,447.0,0.3104167083333333,0.0,0.0,0.0,0.0,0.0
6117666160,2016-04-21,19542,15.0100002288818,15.0100002288818,0.0,0.980000019073486,0.400000005960464,5.61999988555908,0.0,11,19,294,579,4900,2016-04-21,508.0,550.0,365.0,0.25347225,0.0,0.0,0.0,0.0,0.0
6117666160,2016-04-22,8206,6.19999980926514,6.19999980926514,0.0,0.0,0.0,6.19999980926514,0.0,0,0,402,413,2409,2016-04-22,480.0,546.0,402.0,0.2791666666666667,0.0,0.0,0.0,0.0,0.0
6117666160,2016-04-23,11495,8.68000030517578,8.68000030517578,0.0,0.0,0.0,8.68000030517578,0.0,0,0,512,468,2651,2016-04-23,492.0,539.0,512.0,0.3555555833333333,0.0,0.0,0.0,0.0,0.0
6117666160,2016-04-24,7623,5.76000022888184,5.76000022888184,0.0,0.0,0.0,5.76000022888184,0.0,0,0,362,711,2305,2016-04-24,353.0,367.0,362.0,0.2513889166666667,0.0,0.0,0.0,0.0,0.0
6117666160,2016-04-26,9543,7.21000003814697,7.21000003814697,0.0,0.0,0.340000003576279,6.86999988555908,0.0,0,7,352,1077,2450,2016-04-26,0.0,0.0,366.0,0.2541667083333333,0.0,0.0,0.0,0.0,0.0
6117666160,2016-04-27,9411,7.1100001335144,7.1100001335144,0.0,0.0,0.0,7.1100001335144,0.0,0,0,458,417,2576,2016-04-27,542.0,557.0,458.0,0.31805554166666666,0.0,0.0,0.0,0.0,0.0
6117666160,2016-04-28,3403,2.59999990463257,2.59999990463257,0.0,0.0,0.0,2.59999990463257,0.0,0,0,141,758,1879,2016-04-28,393.0,416.0,141.0,0.09791670833333332,0.0,0.0,0.0,0.0,0.0
6117666160,2016-04-29,9592,7.23999977111816,7.23999977111816,0.0,0.0,0.0,7.23999977111816,0.0,0,0,461,479,2560,2016-04-29,600.0,636.0,461.0,0.32013879166666664,0.0,0.0,0.0,0.0,0.0
6117666160,2016-04-30,6987,5.28000020980835,5.28000020980835,0.0,0.0,0.0,5.28000020980835,0.0,0,0,343,1040,2275,2016-04-30,0.0,0.0,343.0,0.23819445833333333,0.0,0.0,0.0,0.0,0.0
6117666160,2016-05-01,8915,6.73000001907349,6.73000001907349,0.0,0.0,0.0,6.73000001907349,0.0,0,0,397,525,2361,2016-05-01,507.0,575.0,397.0,0.27569445833333334,0.0,0.0,0.0,0.0,0.0
6117666160,2016-05-02,4933,3.73000001907349,3.73000001907349,0.0,0.0,0.0,3.73000001907349,0.0,0,0,236,1204,2044,2016-05-02,0.0,0.0,235.0,0.16319441666666665,0.0,0.0,0.0,0.0,0.0
6117666160,2016-05-04,2997,2.25999999046326,2.25999999046326,0.0,0.0,0.0,2.25999999046326,0.0,0,0,156,1279,1902,2016-05-04,0.0,0.0,156.0,0.10833337500000001,0.0,0.0,0.0,0.0,0.0
6117666160,2016-05-05,9799,7.40000009536743,7.40000009536743,0.0,0.0,0.0,7.40000009536743,0.0,0,0,487,479,2636,2016-05-05,392.0,415.0,487.0,0.33819441666666666,0.0,0.0,0.0,0.0,0.0
6117666160,2016-05-06,3365,2.6800000667572,2.6800000667572,0.0,0.0,0.0,2.6800000667572,0.0,0,0,133,673,1838,2016-05-06,658.0,698.0,133.0,0.09236108333333333,0.0,0.0,0.0,0.0,0.0
6117666160,2016-05-07,7336,5.53999996185303,5.53999996185303,0.0,0.0,0.0,5.53999996185303,0.0,0,0,412,456,2469,2016-05-07,498.0,507.0,412.0,0.28611116666666664,0.0,0.0,0.0,0.0,0.0
6117666160,2016-05-08,7328,5.53000020980835,5.53000020980835,0.0,0.0,0.0,5.53000020980835,0.0,0,0,318,517,2250,2016-05-08,555.0,603.0,318.0,0.220833375,0.0,0.0,0.0,0.0,0.0
6117666160,2016-05-09,4477,3.38000011444092,3.38000011444092,0.0,0.0,0.0,3.38000011444092,0.0,0,0,197,125,1248,2016-05-09,492.0,522.0,155.0,0.2152778333333333,0.0,0.0,0.0,0.0,0.0
6290855005,2016-04-12,4562,3.45000004768372,3.45000004768372,0.0,0.0,0.0,3.45000004768372,0.0,0,0,199,1241,2560,2016-04-12,0.0,0.0,199.0,0.13819445833333333,0.0,0.0,0.0,0.0,0.0
6290855005,2016-04-13,7142,5.40000009536743,5.40000009536743,0.0,0.0,0.0,5.3899998664856,0.0099999997764825,0,0,350,1090,2905,2016-04-13,0.0,0.0,350.0,0.24305554166666665,0.0,0.0,0.0,0.0,0.0
6290855005,2016-04-14,7671,5.80000019073486,5.80000019073486,0.0,0.0,0.0,5.76999998092651,0.0299999993294477,0,0,363,1077,2952,2016-04-14,0.0,0.0,363.0,0.25208329166666665,0.0,0.0,0.0,0.0,0.0
6290855005,2016-04-15,9501,7.17999982833862,7.17999982833862,0.0,0.0,0.0,7.17000007629395,0.0099999997764825,0,0,328,1112,2896,2016-04-15,0.0,0.0,328.0,0.22777779166666667,0.0,0.0,0.0,0.0,0.0
6290855005,2016-04-16,8301,6.28000020980835,6.28000020980835,0.0,0.0,0.0,6.26999998092651,0.0099999997764825,0,0,258,1182,2783,2016-04-16,0.0,0.0,258.0,0.179166625,0.0,0.0,0.0,0.0,0.0
6290855005,2016-04-17,7851,5.94000005722046,5.94000005722046,0.0,1.13999998569489,0.790000021457672,4.0,0.0,31,12,225,1172,3171,2016-04-17,0.0,0.0,342.0,0.23750000000000002,0.0,0.0,0.0,0.0,0.0
6290855005,2016-04-18,6885,5.21000003814697,5.21000003814697,0.0,0.0,0.0,5.19000005722046,0.0199999995529652,0,0,271,1169,2766,2016-04-18,0.0,0.0,271.0,0.18819445833333334,0.0,0.0,0.0,0.0,0.0
6290855005,2016-04-19,7142,5.40000009536743,5.40000009536743,0.0,0.0,0.0,5.3899998664856,0.0099999997764825,0,0,321,1119,2839,2016-04-19,0.0,0.0,321.0,0.222916625,0.0,0.0,0.0,0.0,0.0
6290855005,2016-04-20,6361,4.80999994277954,4.80999994277954,0.0,0.0,0.0,4.80000019073486,0.0099999997764825,0,0,258,1182,2701,2016-04-20,0.0,0.0,258.0,0.17916666666666667,0.0,0.0,0.0,0.0,0.0
6290855005,2016-04-22,6238,4.71999979019165,4.71999979019165,0.0,0.0,0.0,4.71999979019165,0.0,0,0,302,1138,2796,2016-04-22,0.0,0.0,302.0,0.20972225,0.0,0.0,0.0,0.0,0.0
6290855005,2016-04-23,0,0.0,0.0,0.0,0.0,0.0,0.0,0.0,33,0,0,1407,2664,2016-04-23,0.0,0.0,99.0,0.06874999999999999,0.0,0.0,0.0,0.0,0.0
6290855005,2016-04-24,5896,4.46000003814697,4.46000003814697,0.0,0.0,0.0,4.46000003814697,0.0,0,0,258,1182,2703,2016-04-24,0.0,0.0,258.0,0.17916658333333335,0.0,0.0,0.0,0.0,0.0
6290855005,2016-04-25,7802,5.90000009536743,5.90000009536743,0.0,0.680000007152557,0.180000007152557,5.03000020980835,0.0099999997764825,8,3,249,1180,2771,2016-04-25,0.0,0.0,279.0,0.19374995833333333,0.0,0.0,0.0,0.0,0.0
6290855005,2016-04-27,5565,4.21000003814697,4.21000003814697,0.0,0.0,0.0,4.17999982833862,0.0299999993294477,0,0,287,1153,2743,2016-04-27,0.0,0.0,287.0,0.1993055,0.0,0.0,0.0,0.0,0.0
6290855005,2016-04-28,5731,4.32999992370605,4.32999992370605,0.0,0.0,0.0,4.32999992370605,0.0,0,0,255,1185,2687,2016-04-28,0.0,0.0,255.0,0.17708325,0.0,0.0,0.0,0.0,0.0
6290855005,2016-04-30,6744,5.09999990463257,5.09999990463257,0.0,0.0,0.0,5.09000015258789,0.0099999997764825,0,0,324,1116,2843,2016-04-30,0.0,0.0,324.0,0.225,0.0,0.0,0.0,0.0,0.0
6290855005,2016-05-01,9837,7.44000005722046,7.44000005722046,0.0,0.660000026226044,2.75,4.0,0.0199999995529652,8,95,282,1055,3327,2016-05-01,0.0,0.0,496.0,0.3444444583333333,0.0,0.0,0.0,0.0,0.0
6290855005,2016-05-02,6781,5.13000011444092,5.13000011444092,0.0,0.0,0.0,5.1100001335144,0.0199999995529652,0,0,268,1172,2725,2016-05-02,0.0,0.0,268.0,0.18611108333333334,0.0,0.0,0.0,0.0,0.0
6290855005,2016-05-03,6047,4.57000017166138,4.57000017166138,0.0,0.0,0.0,4.57000017166138,0.0,0,0,240,1200,2671,2016-05-03,0.0,0.0,240.0,0.16666666666666666,0.0,0.0,0.0,0.0,0.0
6290855005,2016-05-04,5832,4.40999984741211,4.40999984741211,0.0,0.0,0.0,4.40000009536743,0.0099999997764825,0,0,272,1168,2718,2016-05-04,0.0,0.0,272.0,0.18888895833333333,0.0,0.0,0.0,0.0,0.0
6290855005,2016-05-05,6339,4.78999996185303,4.78999996185303,0.0,0.0,0.0,4.78999996185303,0.0,0,0,239,1201,2682,2016-05-05,0.0,0.0,239.0,0.16597216666666667,0.0,0.0,0.0,0.0,0.0
6290855005,2016-05-06,6116,4.61999988555908,4.61999988555908,0.0,0.0,0.0,4.59000015258789,0.0299999993294477,0,0,305,1135,2806,2016-05-06,0.0,0.0,305.0,0.2118055,0.0,0.0,0.0,0.0,0.0
6290855005,2016-05-07,5510,4.17000007629395,4.17000007629395,0.0,0.0,0.0,4.15999984741211,0.0,0,0,227,1213,2613,2016-05-07,0.0,0.0,227.0,0.15763891666666666,0.0,0.0,0.0,0.0,0.0
6290855005,2016-05-08,7706,5.82999992370605,5.82999992370605,0.0,0.0,0.0,5.82000017166138,0.0,0,0,251,1189,2712,2016-05-08,0.0,0.0,251.0,0.1743055,0.0,0.0,0.0,0.0,0.0
6290855005,2016-05-09,6277,4.75,4.75,0.0,0.0,0.0,4.73000001907349,0.0199999995529652,0,0,264,800,2175,2016-05-09,0.0,0.0,257.0,0.25196076470588236,0.0,0.0,0.0,0.0,0.0
6775888955,2016-04-13,4053,2.91000008583069,2.91000008583069,0.0,1.11000001430511,0.579999983310699,1.22000002861023,0.0,17,18,85,1053,2400,2016-04-13,235.0,260.0,172.0,0.11944441666666666,0.0,0.0,0.0,0.0,0.0
6775888955,2016-04-14,5162,3.70000004768372,3.70000004768372,0.0,0.870000004768372,0.860000014305115,1.97000002861023,0.0,14,24,105,863,2507,2016-04-14,423.0,441.0,195.0,0.13541670833333333,0.0,0.0,0.0,0.0,0.0
6775888955,2016-04-15,1282,0.920000016689301,0.920000016689301,0.0,0.0,0.0,0.920000016689301,0.0,0,0,58,976,2127,2016-04-15,391.0,406.0,58.0,0.04027783333333334,0.0,0.0,0.0,0.0,0.0
6775888955,2016-04-16,4732,3.39000010490417,3.39000010490417,0.0,2.51999998092651,0.810000002384186,0.0599999986588955,0.0,36,18,9,1377,2225,2016-04-16,0.0,0.0,153.0,0.10625,0.0,0.0,0.0,0.0,0.0
6775888955,2016-04-17,2497,1.78999996185303,1.78999996185303,0.0,0.349999994039536,1.12999999523163,0.310000002384186,0.0,5,24,19,1392,2067,2016-04-17,0.0,0.0,82.0,0.056944416666666664,0.0,0.0,0.0,0.0,0.0
6775888955,2016-04-18,8294,5.94999980926514,5.94999980926514,0.0,2.0,0.769999980926514,3.17000007629395,0.0,30,31,146,1233,2798,2016-04-18,0.0,0.0,298.0,0.2069445,0.0,0.0,0.0,0.0,0.0
6775888955,2016-04-20,10771,7.71999979019165,7.71999979019165,0.0,3.76999998092651,1.74000000953674,2.22000002861023,0.0,70,113,178,1079,3727,2016-04-20,0.0,0.0,614.0,0.4263889166666666,0.0,0.0,0.0,0.0,0.0
6775888955,2016-04-22,637,0.46000000834465,0.46000000834465,0.0,0.0,0.0,0.46000000834465,0.0,0,0,20,1420,1922,2016-04-22,0.0,0.0,20.0,0.013888875,0.0,0.0,0.0,0.0,0.0
6775888955,2016-04-24,2153,1.53999996185303,1.53999996185303,0.0,0.769999980926514,0.620000004768372,0.150000005960464,0.0,11,18,11,1400,2053,2016-04-24,0.0,0.0,80.0,0.05555554166666667,0.0,0.0,0.0,0.0,0.0
6775888955,2016-04-25,6474,4.6399998664856,4.6399998664856,0.0,2.26999998092651,0.46000000834465,1.89999997615814,0.0,33,13,92,1302,2484,2016-04-25,0.0,0.0,217.0,0.15069441666666666,0.0,0.0,0.0,0.0,0.0
6775888955,2016-04-26,7091,5.26999998092651,5.26999998092651,1.95959603786469,3.48000001907349,0.870000004768372,0.730000019073486,0.0,42,30,47,1321,2584,2016-04-26,0.0,0.0,233.0,0.16180562499999998,0.0,0.0,0.0,0.0,0.0
6775888955,2016-04-28,703,0.5,0.5,0.0,0.0599999986588955,0.200000002980232,0.239999994635582,0.0,2,13,15,1410,1993,2016-04-28,0.0,0.0,47.0,0.032638875,0.0,0.0,0.0,0.0,0.0
6775888955,2016-04-30,2503,1.78999996185303,1.78999996185303,0.0,0.159999996423721,0.159999996423721,1.48000001907349,0.0,3,9,84,1344,2280,2016-04-30,0.0,0.0,111.0,0.07708333333333334,0.0,0.0,0.0,0.0,0.0
6775888955,2016-05-01,2487,1.77999997138977,1.77999997138977,0.0,0.479999989271164,0.620000004768372,0.680000007152557,0.0,9,34,50,1347,2319,2016-05-01,0.0,0.0,145.0,0.10069441666666668,0.0,0.0,0.0,0.0,0.0
6775888955,2016-05-03,9,0.0099999997764825,0.0099999997764825,0.0,0.0,0.0,0.0099999997764825,0.0,0,0,1,1439,1843,2016-05-03,0.0,0.0,1.0,0.0006944583333333334,0.0,0.0,0.0,0.0,0.0
6775888955,2016-05-06,4697,3.36999988555908,3.36999988555908,0.0,0.469999998807907,0.930000007152557,1.92999994754791,0.0,12,35,75,1318,2496,2016-05-06,0.0,0.0,181.0,0.12569445833333334,0.0,0.0,0.0,0.0,0.0
6775888955,2016-05-07,1967,1.4099999666214,1.4099999666214,0.0,0.129999995231628,0.239999994635582,1.04999995231628,0.0,2,5,49,551,1032,2016-05-07,0.0,0.0,61.0,0.1016667,0.0,0.0,0.0,0.0,0.0
6962181067,2016-04-12,10199,6.73999977111816,6.73999977111816,0.0,3.40000009536743,0.829999983310699,2.50999999046326,0.0,50,14,189,796,1994,2016-04-12,366.0,387.0,367.0,0.2548610416666667,0.0,0.0,0.0,62.5,24.3899993896484
6962181067,2016-04-13,5652,3.74000000953674,3.74000000953674,0.0,0.569999992847443,1.21000003814697,1.96000003814697,0.0,8,24,142,548,1718,2016-04-13,630.0,679.0,214.0,0.14861108333333334,0.0,0.0,0.0,62.0999984741211,24.2399997711182
6962181067,2016-04-14,1551,1.02999997138977,1.02999997138977,0.0,0.0,0.0,1.02999997138977,0.0,0,0,86,862,1466,2016-04-14,508.0,535.0,86.0,0.059722250000000004,0.0,0.0,0.0,61.7000007629395,24.1000003814697
6962181067,2016-04-15,5563,3.6800000667572,3.6800000667572,0.0,0.0,0.0,3.6800000667572,0.0,0,0,217,837,1756,2016-04-15,370.0,386.0,217.0,0.15069445833333334,0.0,0.0,0.0,61.5,24.0
6962181067,2016-04-16,13217,8.73999977111816,8.73999977111816,0.0,3.66000008583069,0.189999997615814,4.88000011444092,0.0,50,3,280,741,2173,2016-04-16,357.0,366.0,436.0,0.30277783333333336,0.0,0.0,0.0,62.0,24.2099990844727
6962181067,2016-04-17,10145,6.71000003814697,6.71000003814697,0.0,0.330000013113022,0.680000007152557,5.69000005722046,0.0,5,13,295,634,2027,2016-04-17,427.0,446.0,336.0,0.23333337499999998,0.0,0.0,0.0,61.4000015258789,23.9599990844727
6962181067,2016-04-18,11404,7.53999996185303,7.53999996185303,0.0,0.829999983310699,2.39000010490417,4.32000017166138,0.0,13,42,238,689,2039,2016-04-18,442.0,458.0,361.0,0.2506945,0.0,0.0,0.0,61.2000007629395,23.8899993896484
6962181067,2016-04-19,10742,7.09999990463257,7.09999990463257,0.0,2.09999990463257,2.13000011444092,2.86999988555908,0.0,35,41,195,659,2046,2016-04-19,476.0,535.0,382.0,0.26527775,0.0,0.0,0.0,61.4000015258789,23.9599990844727
6962181067,2016-04-20,13928,9.55000019073486,9.55000019073486,0.0,4.28000020980835,0.189999997615814,5.09000015258789,0.0,48,4,297,639,2174,2016-04-20,418.0,424.0,449.0,0.3118055416666667,0.0,0.0,0.0,61.7000007629395,24.1000003814697
6962181067,2016-04-21,11835,9.71000003814697,7.88000011444092,4.08169221878052,3.99000000953674,2.09999990463257,3.50999999046326,0.109999999403954,53,27,214,708,2179,2016-04-21,451.0,457.0,427.0,0.29652779166666665,0.0,0.0,0.0,61.4000015258789,23.9599990844727
6962181067,2016-04-22,10725,7.09000015258789,7.09000015258789,0.0,1.76999998092651,1.54999995231628,3.76999998092651,0.0,30,33,240,659,2086,2016-04-22,425.0,435.0,396.0,0.2749999583333333,0.0,0.0,0.0,61.4000015258789,23.9599990844727
6962181067,2016-04-23,20031,13.2399997711182,13.2399997711182,0.0,4.19999980926514,2.0,7.03999996185303,0.0,58,41,347,484,2571,2016-04-23,528.0,546.0,603.0,0.41874995833333334,0.0,0.0,0.0,61.5,24.0
6962181067,2016-04-24,5029,3.3199999332428,3.3199999332428,0.0,0.0,0.0,3.3199999332428,0.0,0,0,199,720,1705,2016-04-24,511.0,514.0,199.0,0.138194375,0.0,0.0,0.0,61.5,24.0
6962181067,2016-04-25,13239,9.27000045776367,9.07999992370605,2.78517508506775,3.01999998092651,1.67999994754791,4.46000003814697,0.100000001490116,35,31,282,637,2194,2016-04-25,400.0,415.0,449.0,0.31180558333333336,0.0,0.0,0.0,61.7000007629395,24.1000003814697
6962181067,2016-04-26,10433,6.90000009536743,6.90000009536743,0.0,2.57999992370605,0.419999986886978,3.90000009536743,0.0,36,7,254,680,2012,2016-04-26,441.0,446.0,376.0,0.261111125,0.0,0.0,0.0,0.0,0.0
6962181067,2016-04-27,10320,6.82000017166138,6.82000017166138,0.0,0.550000011920929,2.01999998092651,4.25,0.0,7,38,279,697,2034,2016-04-27,455.0,467.0,376.0,0.261111125,0.0,0.0,0.0,61.2000007629395,23.8899993896484
6962181067,2016-04-28,12627,8.35000038146973,8.35000038146973,0.0,2.50999999046326,0.239999994635582,5.59000015258789,0.0,38,8,288,621,2182,2016-04-28,440.0,453.0,418.0,0.29027783333333335,0.0,0.0,0.0,61.2000007629395,23.8899993896484
6962181067,2016-04-29,10762,7.1100001335144,7.1100001335144,0.0,0.819999992847443,0.479999989271164,5.80999994277954,0.0,12,15,369,645,2254,2016-04-29,433.0,447.0,435.0,0.3020832916666667,0.0,0.0,0.0,61.4000015258789,23.9599990844727
6962181067,2016-04-30,10081,6.65999984741211,6.65999984741211,0.0,2.24000000953674,0.759999990463257,3.67000007629395,0.0,32,16,237,731,2002,2016-04-30,422.0,424.0,365.0,0.25347233333333336,0.0,0.0,0.0,61.0,23.8199996948242
6962181067,2016-05-01,5454,3.60999989509583,3.60999989509583,0.0,0.0,0.0,3.60999989509583,0.0,0,0,215,722,1740,2016-05-01,411.0,426.0,215.0,0.14930558333333332,0.0,0.0,0.0,61.7000007629395,24.1000003814697
6962181067,2016-05-02,12912,8.53999996185303,8.53999996185303,0.0,1.20000004768372,2.0,5.34000015258789,0.0,18,39,313,655,2162,2016-05-02,466.0,482.0,445.0,0.30902783333333333,0.0,0.0,0.0,61.5,24.0
6962181067,2016-05-03,12109,8.11999988555908,8.11999988555908,0.0,1.74000000953674,2.03999996185303,4.32999992370605,0.0,21,36,267,654,2072,2016-05-03,394.0,418.0,402.0,0.27916658333333333,0.0,0.0,0.0,61.0,23.8199996948242
6962181067,2016-05-04,10147,6.71000003814697,6.71000003814697,0.0,0.469999998807907,1.67999994754791,4.55000019073486,0.0,15,36,284,683,2086,2016-05-04,442.0,455.0,401.0,0.2784722916666667,0.0,0.0,0.0,61.0999984741211,23.8500003814697
6962181067,2016-05-05,10524,6.96000003814697,6.96000003814697,0.0,0.990000009536743,1.1599999666214,4.80999994277954,0.0,14,22,305,591,2066,2016-05-05,467.0,491.0,391.0,0.27152787500000003,0.0,0.0,0.0,61.2999992370605,23.9300003051758
6962181067,2016-05-06,5908,3.91000008583069,3.91000008583069,0.0,0.0,0.0,3.91000008583069,0.0,0,0,299,717,1850,2016-05-06,443.0,462.0,299.0,0.20763900000000002,0.0,0.0,0.0,61.5,24.0
6962181067,2016-05-07,6815,4.5,4.5,0.0,0.0,0.0,4.5,0.0,0,0,328,745,1947,2016-05-07,298.0,334.0,328.0,0.22777775,0.0,0.0,0.0,61.2000007629395,23.8899993896484
6962181067,2016-05-08,4188,2.76999998092651,2.76999998092651,0.0,0.0,0.519999980926514,2.25,0.0,0,14,151,709,1659,2016-05-08,541.0,569.0,179.0,0.12430562499999999,0.0,0.0,0.0,61.2000007629395,23.8899993896484
6962181067,2016-05-09,12342,8.72000026702881,8.68000030517578,3.16782188415527,3.90000009536743,1.17999994754791,3.65000009536743,0.0,43,21,231,607,2105,2016-05-09,489.0,497.0,402.0,0.279166625,0.0,0.0,0.0,62.4000015258789,24.3500003814697
6962181067,2016-05-10,15448,10.210000038147,10.210000038147,0.0,3.47000002861023,1.75,4.98999977111816,0.0,62,34,275,626,2361,2016-05-10,469.0,481.0,529.0,0.367361125,0.0,0.0,0.0,62.0999984741211,24.2399997711182
6962181067,2016-05-11,6722,4.44000005722046,4.44000005722046,0.0,1.49000000953674,0.310000002384186,2.65000009536743,0.0,24,7,199,709,1855,2016-05-11,452.0,480.0,285.0,0.19791662499999998,0.0,0.0,0.0,61.9000015258789,24.1700000762939
6962181067,2016-05-12,3587,2.36999988555908,2.36999988555908,0.0,0.0,0.25,2.10999989509583,0.0,0,8,105,127,928,2016-05-12,516.0,535.0,121.0,0.1680555,0.0,0.0,0.0,61.9000015258789,24.1700000762939
7007744171,2016-04-12,14172,10.289999961853,9.47999954223633,4.8697829246521,4.5,0.379999995231628,5.40999984741211,0.0,53,8,355,1024,2937,2016-04-12,0.0,0.0,530.0,0.36805554166666665,0.0,0.0,0.0,0.0,0.0
7007744171,2016-04-13,12862,9.64999961853027,8.60000038146973,4.8513069152832,4.6100001335144,0.560000002384186,4.48000001907349,0.0,56,22,261,1101,2742,2016-04-13,0.0,0.0,473.0,0.32847220833333335,0.0,0.0,0.0,0.0,0.0
7007744171,2016-04-14,11179,8.23999977111816,7.48000001907349,3.28541493415833,2.95000004768372,0.340000003576279,4.96000003814697,0.0,34,6,304,1096,2668,2016-04-14,0.0,0.0,418.0,0.2902777916666667,0.0,0.0,0.0,0.0,0.0
7007744171,2016-04-15,5273,3.52999997138977,3.52999997138977,0.0,0.0,0.0,3.52999997138977,0.0,0,0,202,1238,2098,2016-04-15,0.0,0.0,202.0,0.14027783333333335,0.0,0.0,0.0,0.0,0.0
7007744171,2016-04-16,4631,3.09999990463257,3.09999990463257,0.0,0.0,0.0,3.09999990463257,0.0,0,0,203,1155,2076,2016-04-16,79.0,82.0,203.0,0.14097216666666668,0.0,0.0,0.0,0.0,0.0
7007744171,2016-04-17,8059,5.3899998664856,5.3899998664856,0.0,0.0,0.0,5.3899998664856,0.0,0,0,305,1135,2383,2016-04-17,0.0,0.0,305.0,0.211805625,0.0,0.0,0.0,0.0,0.0
7007744171,2016-04-18,14816,10.9799995422363,9.90999984741211,4.93055009841919,3.78999996185303,2.11999988555908,5.05000019073486,0.0199999995529652,48,31,284,1077,2832,2016-04-18,0.0,0.0,490.0,0.34027783333333333,0.0,0.0,0.0,0.0,0.0
7007744171,2016-04-19,14194,10.4799995422363,9.5,4.94214200973511,4.40999984741211,0.759999990463257,5.30999994277954,0.0,53,17,304,1066,2812,2016-04-19,0.0,0.0,497.0,0.345138875,0.0,0.0,0.0,0.0,0.0
7007744171,2016-04-20,15566,11.3100004196167,10.4099998474121,4.92484092712402,4.78999996185303,0.670000016689301,5.8600001335144,0.0,60,33,347,1000,3096,2016-04-20,0.0,0.0,593.0,0.4118054583333333,0.0,0.0,0.0,0.0,0.0
7007744171,2016-04-21,13744,9.1899995803833,9.1899995803833,0.0,2.15000009536743,1.87000000476837,5.17000007629395,0.0,30,34,327,1049,2763,2016-04-21,0.0,0.0,485.0,0.33680550000000004,0.0,0.0,0.0,0.0,0.0
7007744171,2016-04-22,15299,10.2399997711182,10.2399997711182,0.0,4.09999990463257,1.75999999046326,4.36999988555908,0.0,64,50,261,1065,2889,2016-04-22,0.0,0.0,553.0,0.3840277916666666,0.0,0.0,0.0,0.0,0.0
7007744171,2016-04-23,8093,5.40999984741211,5.40999984741211,0.0,0.129999995231628,1.12999999523163,4.15000009536743,0.0,2,25,223,1190,2284,2016-04-23,0.0,0.0,279.0,0.19375,0.0,0.0,0.0,0.0,0.0
7007744171,2016-04-24,11085,7.42000007629395,7.42000007629395,0.0,0.0,0.0,7.42000007629395,0.0,0,0,419,1021,2667,2016-04-24,0.0,0.0,419.0,0.2909722083333333,0.0,0.0,0.0,0.0,0.0
7007744171,2016-04-25,18229,13.3400001525879,12.1999998092651,4.86179208755493,4.30999994277954,1.37000000476837,7.67000007629395,0.0,51,24,379,986,3055,2016-04-25,0.0,0.0,580.0,0.40277775,0.0,0.0,0.0,0.0,0.0
7007744171,2016-04-26,15090,10.1000003814697,10.1000003814697,0.0,0.930000007152557,0.939999997615814,8.22999954223633,0.0,16,22,424,978,2939,2016-04-26,0.0,0.0,516.0,0.35833329166666666,0.0,0.0,0.0,0.0,0.0
7007744171,2016-04-27,13541,10.2200002670288,9.0600004196167,4.88560485839844,4.26999998092651,0.660000026226044,5.28999996185303,0.0,50,12,337,1041,2830,2016-04-27,0.0,0.0,511.0,0.3548610833333334,0.0,0.0,0.0,0.0,0.0
7007744171,2016-04-28,15128,10.1199998855591,10.1199998855591,0.0,1.0900000333786,0.769999980926514,8.26000022888184,0.0,16,16,401,1007,2836,2016-04-28,0.0,0.0,481.0,0.3340277916666667,0.0,0.0,0.0,0.0,0.0
7007744171,2016-04-29,20067,14.3000001907349,13.4200000762939,4.91114616394043,4.30999994277954,2.04999995231628,7.94999980926514,0.0,55,42,382,961,3180,2016-04-29,0.0,0.0,631.0,0.43819441666666664,0.0,0.0,0.0,0.0,0.0
7007744171,2016-04-30,3761,2.51999998092651,2.51999998092651,0.0,0.0,0.0,2.51999998092651,0.0,0,0,200,1240,2051,2016-04-30,0.0,0.0,200.0,0.13888883333333332,0.0,0.0,0.0,0.0,0.0
7007744171,2016-05-01,5600,3.75,3.75,0.0,0.0,0.0,3.75,0.0,0,0,237,1142,2225,2016-05-01,58.0,61.0,237.0,0.16458333333333333,0.0,0.0,0.0,0.0,0.0
7007744171,2016-05-02,13041,9.18000030517578,8.72000026702881,2.83232593536377,4.6399998664856,0.699999988079071,3.82999992370605,0.0,64,14,250,1112,2642,2016-05-02,0.0,0.0,470.0,0.32638883333333335,0.0,0.0,0.0,0.0,0.0
7007744171,2016-05-03,14510,10.8699998855591,9.71000003814697,4.91236782073975,4.48000001907349,1.01999998092651,5.3600001335144,0.0,58,31,330,1021,2976,2016-05-03,0.0,0.0,566.0,0.39305558333333335,0.0,0.0,0.0,0.0,0.0
7007744171,2016-05-05,15010,11.1000003814697,10.039999961853,4.8782320022583,4.32999992370605,1.28999996185303,5.48000001907349,0.0,53,23,317,1047,2933,2016-05-05,0.0,0.0,522.0,0.36249991666666664,0.0,0.0,0.0,0.0,0.0
7007744171,2016-05-06,11459,7.67000007629395,7.67000007629395,0.0,3.0,0.810000002384186,3.85999989509583,0.0,44,13,247,1136,2553,2016-05-06,0.0,0.0,405.0,0.2812500416666667,0.0,0.0,0.0,0.0,0.0
7007744171,2016-05-07,0,0.0,0.0,0.0,0.0,0.0,0.0,0.0,0,0,0,111,120,2016-05-07,0.0,0.0,0.0,0.0,0.0,0.0,0.0,0.0,0.0
7086361926,2016-04-12,11317,8.40999984741211,8.40999984741211,0.0,5.26999998092651,0.150000005960464,2.97000002861023,0.0,59,6,153,745,2772,2016-04-12,514.0,525.0,342.0,0.23749995833333334,0.0,0.0,0.0,0.0,0.0
7086361926,2016-04-13,5813,3.61999988555908,3.61999988555908,0.0,0.560000002384186,0.209999993443489,2.83999991416931,0.0,31,26,155,744,2516,2016-04-13,451.0,465.0,300.0,0.20833337500000002,0.0,0.0,0.0,0.0,0.0
7086361926,2016-04-14,9123,6.11999988555908,6.11999988555908,0.0,2.02999997138977,0.330000013113022,3.66000008583069,0.0,35,32,189,787,2734,2016-04-14,472.0,476.0,358.0,0.2486112083333333,0.0,0.0,0.0,0.0,0.0
7086361926,2016-04-15,8585,5.67000007629395,5.67000007629395,0.0,2.03999996185303,1.11000001430511,2.52999997138977,0.0,30,21,139,864,2395,2016-04-15,377.0,386.0,271.0,0.18819445833333334,0.0,0.0,0.0,0.0,0.0
7086361926,2016-04-16,31,0.0099999997764825,0.0099999997764825,0.0,0.0,0.0,0.0099999997764825,0.0,0,0,3,1437,1635,2016-04-16,0.0,0.0,3.0,0.0020833333333333333,0.0,0.0,0.0,0.0,0.0
7086361926,2016-04-18,9827,6.71000003814697,6.71000003814697,0.0,3.17000007629395,1.22000002861023,2.30999994277954,0.0,61,51,114,1136,2743,2016-04-18,0.0,0.0,399.0,0.27708333333333335,0.0,0.0,0.0,0.0,0.0
7086361926,2016-04-19,10688,7.28999996185303,7.28999996185303,0.0,3.52999997138977,1.23000001907349,2.50999999046326,0.0,67,69,124,671,2944,2016-04-19,472.0,483.0,463.0,0.32152775,0.0,0.0,0.0,0.0,0.0
7086361926,2016-04-20,14365,10.6400003433228,10.6400003433228,0.0,7.6399998664856,0.449999988079071,2.53999996185303,0.0,87,13,145,797,2997,2016-04-20,492.0,502.0,432.0,0.30000004166666666,0.0,0.0,0.0,0.0,0.0
7086361926,2016-04-21,9469,6.17999982833862,6.17999982833862,0.0,1.36000001430511,0.300000011920929,4.51000022888184,0.0,19,6,206,758,2463,2016-04-21,390.0,411.0,275.0,0.19097224999999998,0.0,0.0,0.0,0.0,0.0
7086361926,2016-04-22,9753,6.53000020980835,6.53000020980835,0.0,2.86999988555908,0.970000028610229,2.67000007629395,0.0,58,59,153,762,2846,2016-04-22,428.0,448.0,445.0,0.30902779166666666,0.0,0.0,0.0,0.0,0.0
7086361926,2016-04-23,2817,1.80999994277954,1.80999994277954,0.0,0.0,0.0,1.79999995231628,0.0,0,0,90,1350,1965,2016-04-23,0.0,0.0,90.0,0.062499958333333334,0.0,0.0,0.0,0.0,0.0
7086361926,2016-04-24,3520,2.16000008583069,2.16000008583069,0.0,0.0,0.0,2.15000009536743,0.0,0,0,125,566,2049,2016-04-24,681.0,704.0,125.0,0.086805625,0.0,0.0,0.0,0.0,0.0
7086361926,2016-04-25,10091,6.82000017166138,6.82000017166138,0.0,3.75,0.699999988079071,2.36999988555908,0.0,69,39,129,706,2752,2016-04-25,446.0,447.0,414.0,0.28750004166666665,0.0,0.0,0.0,0.0,0.0
7086361926,2016-04-26,10387,7.07000017166138,7.07000017166138,0.0,4.15999984741211,0.769999980926514,2.11999988555908,0.0,70,33,132,726,2781,2016-04-26,485.0,500.0,408.0,0.28333345833333334,0.0,0.0,0.0,0.0,0.0
7086361926,2016-04-27,11107,8.34000015258789,8.34000015258789,0.0,5.63000011444092,0.180000007152557,2.52999997138977,0.0,55,6,145,829,2693,2016-04-27,469.0,479.0,322.0,0.22361112500000002,0.0,0.0,0.0,0.0,0.0
7086361926,2016-04-28,11584,7.80000019073486,7.80000019073486,0.0,2.78999996185303,1.63999998569489,3.35999989509583,0.0,54,48,161,810,2862,2016-04-28,354.0,367.0,419.0,0.29097216666666664,0.0,0.0,0.0,0.0,0.0
7086361926,2016-04-29,7881,4.94999980926514,4.94999980926514,0.0,0.490000009536743,0.449999988079071,4.0,0.0,24,36,182,1198,2616,2016-04-29,0.0,0.0,326.0,0.2263889166666667,0.0,0.0,0.0,0.0,0.0
7086361926,2016-04-30,14560,9.40999984741211,9.40999984741211,0.0,3.11999988555908,1.03999996185303,5.23999977111816,0.0,42,17,308,584,2995,2016-04-30,485.0,489.0,468.0,0.32499991666666667,0.0,0.0,0.0,0.0,0.0
7086361926,2016-05-01,12390,8.06999969482422,8.06999969482422,0.0,2.29999995231628,0.899999976158142,4.84999990463257,0.0,30,15,258,685,2730,2016-05-01,388.0,407.0,378.0,0.2625000416666667,0.0,0.0,0.0,0.0,0.0
7086361926,2016-05-02,10052,6.80999994277954,6.80999994277954,0.0,3.48000001907349,0.660000026226044,2.66000008583069,0.0,66,26,139,737,2754,2016-05-02,440.0,459.0,389.0,0.27013883333333333,0.0,0.0,0.0,0.0,0.0
7086361926,2016-05-03,10288,6.76000022888184,6.76000022888184,0.0,2.74000000953674,0.850000023841858,3.16000008583069,0.0,57,36,152,761,2754,2016-05-03,456.0,461.0,395.0,0.2743055833333333,0.0,0.0,0.0,0.0,0.0
7086361926,2016-05-04,10988,8.3100004196167,8.3100004196167,0.0,5.28000020980835,0.119999997317791,2.90000009536743,0.0,45,12,135,843,2655,2016-05-04,420.0,436.0,294.0,0.2041666666666667,0.0,0.0,0.0,0.0,0.0
7086361926,2016-05-05,8564,5.59999990463257,5.59999990463257,0.0,1.77999997138977,0.829999983310699,2.95000004768372,0.0,24,14,149,1253,2386,2016-05-05,0.0,0.0,249.0,0.17291674999999998,0.0,0.0,0.0,0.0,0.0
7086361926,2016-05-06,12461,8.38000011444092,8.38000011444092,0.0,3.8199999332428,1.42999994754791,3.11999988555908,0.0,84,35,154,834,2924,2016-05-06,322.0,333.0,476.0,0.3305555833333333,0.0,0.0,0.0,0.0,0.0
7086361926,2016-05-07,12827,8.47999954223633,8.47999954223633,0.0,1.46000003814697,2.32999992370605,4.67999982833862,0.0,20,42,209,621,2739,2016-05-07,530.0,548.0,353.0,0.24513891666666665,0.0,0.0,0.0,0.0,0.0
7086361926,2016-05-08,10677,7.09999990463257,7.09999990463257,0.0,2.30999994277954,1.52999997138977,3.25,0.0,32,27,147,695,2534,2016-05-08,481.0,510.0,297.0,0.20624991666666667,0.0,0.0,0.0,0.0,0.0
7086361926,2016-05-09,13566,9.10999965667725,9.10999965667725,0.0,4.26000022888184,1.71000003814697,3.11999988555908,0.0,67,50,171,743,2960,2016-05-09,427.0,438.0,472.0,0.32777775,0.0,0.0,0.0,0.0,0.0
7086361926,2016-05-10,14433,10.789999961853,10.789999961853,0.0,7.1100001335144,1.20000004768372,2.45000004768372,0.0,72,23,106,1182,2800,2016-05-10,0.0,0.0,368.0,0.255555625,0.0,0.0,0.0,0.0,0.0
7086361926,2016-05-11,9572,6.51999998092651,6.51999998092651,0.0,2.89000010490417,1.38999998569489,2.23000001907349,0.0,57,40,128,757,2735,2016-05-11,451.0,463.0,379.0,0.26319441666666665,0.0,0.0,0.0,0.0,0.0
7086361926,2016-05-12,3789,2.55999994277954,2.55999994277954,0.0,0.379999995231628,0.270000010728836,1.88999998569489,0.0,5,4,58,343,1199,2016-05-12,444.0,457.0,32.0,0.041025692307692305,0.0,0.0,0.0,0.0,0.0
8053475328,2016-04-12,18060,14.1199998855591,14.1199998855591,0.0,11.6400003433228,0.389999985694885,2.09999990463257,0.0,116,8,123,1193,3186,2016-04-12,0.0,0.0,487.0,0.33819445833333334,0.0,0.0,0.0,0.0,0.0
8053475328,2016-04-13,16433,13.3500003814697,13.3500003814697,0.0,10.4300003051758,0.469999998807907,2.45000004768372,0.0,95,12,156,1177,3140,2016-04-13,0.0,0.0,465.0,0.32291675000000003,0.0,0.0,0.0,0.0,0.0
8053475328,2016-04-14,20159,15.9700002670288,15.9700002670288,0.0,12.3400001525879,0.209999993443489,3.35999989509583,0.0,119,5,193,1123,3411,2016-04-14,0.0,0.0,560.0,0.38888887499999997,0.0,0.0,0.0,0.0,0.0
8053475328,2016-04-15,20669,16.2399997711182,16.2399997711182,0.0,13.2600002288818,0.389999985694885,2.58999991416931,0.0,132,8,158,1142,3410,2016-04-15,0.0,0.0,570.0,0.3958333333333333,0.0,0.0,0.0,0.0,0.0
8053475328,2016-04-16,14549,11.1099996566772,11.1099996566772,0.0,9.35999965667725,0.270000010728836,1.49000000953674,0.0,96,6,83,1255,2867,2016-04-16,0.0,0.0,383.0,0.2659722083333333,0.0,0.0,0.0,0.0,0.0
8053475328,2016-04-17,18827,13.6899995803833,13.6899995803833,0.0,9.23999977111816,0.800000011920929,3.64000010490417,0.0,111,21,195,1113,3213,2016-04-17,0.0,0.0,570.0,0.3958333333333333,0.0,0.0,0.0,0.0,0.0
8053475328,2016-04-18,17076,12.6599998474121,12.6599998474121,0.0,9.07999992370605,0.230000004172325,3.34999990463257,0.0,102,6,195,1137,3133,2016-04-18,0.0,0.0,513.0,0.35624995833333334,0.0,0.0,0.0,0.0,0.0
8053475328,2016-04-19,15929,12.4799995422363,12.4799995422363,0.0,9.22000026702881,0.310000002384186,2.95000004768372,0.0,90,7,191,1152,3114,2016-04-19,0.0,0.0,475.0,0.32986116666666665,0.0,0.0,0.0,0.0,0.0
8053475328,2016-04-20,15108,12.1899995803833,12.1899995803833,0.0,9.57999992370605,0.230000004172325,2.38000011444092,0.0,89,5,158,695,3043,2016-04-20,486.0,493.0,435.0,0.30208324999999997,0.0,0.0,0.0,0.0,0.0
8053475328,2016-04-21,16057,12.5100002288818,12.5100002288818,0.0,9.67000007629395,0.25,2.57999992370605,0.0,100,6,170,1164,3103,2016-04-21,0.0,0.0,482.0,0.3347222916666666,0.0,0.0,0.0,0.0,0.0
8053475328,2016-04-22,10520,8.28999996185303,8.28999996185303,0.0,6.26000022888184,0.150000005960464,1.87999999523163,0.0,60,3,117,1260,2655,2016-04-22,0.0,0.0,303.0,0.210416625,0.0,0.0,0.0,0.0,0.0
8053475328,2016-04-23,22359,17.1900005340576,17.1900005340576,0.0,12.539999961853,0.629999995231628,4.01999998092651,0.0,125,14,223,741,3554,2016-04-23,331.0,337.0,626.0,0.43472225000000003,0.0,0.0,0.0,0.0,0.0
8053475328,2016-04-24,22988,17.9500007629395,17.9500007629395,0.0,13.1300001144409,1.54999995231628,3.25999999046326,0.0,129,33,182,1096,3577,2016-04-24,0.0,0.0,635.0,0.44097216666666667,0.0,0.0,0.0,0.0,0.0
8053475328,2016-04-25,20500,15.6899995803833,15.6899995803833,0.0,11.3699998855591,0.46000000834465,3.85999989509583,0.0,118,9,209,1104,3403,2016-04-25,0.0,0.0,581.0,0.40347225000000003,0.0,0.0,0.0,0.0,0.0
8053475328,2016-04-26,12685,9.61999988555908,9.61999988555908,0.0,6.30999994277954,0.200000002980232,3.09999990463257,0.0,68,5,185,1182,2846,2016-04-26,0.0,0.0,399.0,0.277083375,0.0,0.0,0.0,0.0,0.0
8053475328,2016-04-27,12422,9.81999969482422,9.81999969482422,0.0,6.46000003814697,0.430000007152557,2.9300000667572,0.0,60,10,183,1187,2852,2016-04-27,0.0,0.0,383.0,0.2659722083333333,0.0,0.0,0.0,0.0,0.0
8053475328,2016-04-28,15447,12.3999996185303,12.3999996185303,0.0,9.67000007629395,0.389999985694885,2.34999990463257,0.0,90,9,153,1188,3062,2016-04-28,0.0,0.0,441.0,0.30624995833333335,0.0,0.0,0.0,0.0,0.0
8053475328,2016-04-29,12315,9.64999961853027,9.64999961853027,0.0,6.17000007629395,0.310000002384186,3.17000007629395,0.0,58,8,159,1215,2794,2016-04-29,0.0,0.0,349.0,0.24236112499999998,0.0,0.0,0.0,0.0,0.0
8053475328,2016-04-30,7135,5.59000015258789,5.59000015258789,0.0,2.99000000953674,0.0599999986588955,2.53999996185303,0.0,27,1,131,1281,2408,2016-04-30,0.0,0.0,214.0,0.1486110833333333,0.0,0.0,0.0,0.0,0.0
8053475328,2016-05-01,1170,0.850000023841858,0.850000023841858,0.0,0.0,0.0,0.850000023841858,0.0,0,0,51,1389,1886,2016-05-01,0.0,0.0,51.0,0.035416666666666666,0.0,0.0,0.0,0.0,0.0
8053475328,2016-05-02,1969,1.42999994754791,1.42999994754791,0.0,0.0,0.0,1.42999994754791,0.0,0,0,95,1345,1988,2016-05-02,0.0,0.0,95.0,0.06597225,0.0,0.0,0.0,0.0,0.0
8053475328,2016-05-03,15484,11.8999996185303,11.8999996185303,0.0,8.39000034332275,0.930000007152557,2.58999991416931,0.0,87,22,165,1166,3023,2016-05-03,0.0,0.0,470.0,0.32638891666666664,0.0,0.0,0.0,0.0,0.0
8053475328,2016-05-04,14581,11.1499996185303,11.1499996185303,0.0,8.81999969482422,0.400000005960464,1.9099999666214,0.0,89,8,123,1220,2918,2016-05-04,0.0,0.0,406.0,0.2819444583333333,0.0,0.0,0.0,0.0,0.0
8053475328,2016-05-05,14990,11.5100002288818,11.5100002288818,0.0,8.85000038146973,0.449999988079071,2.21000003814697,0.0,93,9,130,1208,2950,2016-05-05,0.0,0.0,427.0,0.29652770833333336,0.0,0.0,0.0,0.0,0.0
8053475328,2016-05-06,13953,11.0,11.0,0.0,9.10000038146973,0.689999997615814,1.21000003814697,0.0,90,15,90,1245,2859,2016-05-06,0.0,0.0,390.0,0.27083329166666664,0.0,0.0,0.0,0.0,0.0
8053475328,2016-05-07,19769,15.6700000762939,15.6700000762939,0.0,12.4399995803833,0.879999995231628,2.34999990463257,0.0,121,20,148,1076,3331,2016-05-07,74.0,75.0,551.0,0.3826388333333333,0.0,0.0,0.0,0.0,0.0
8053475328,2016-05-08,22026,17.6499996185303,17.6499996185303,0.0,13.3999996185303,0.589999973773956,3.66000008583069,0.0,125,14,228,1073,3589,2016-05-08,0.0,0.0,631.0,0.4381944583333333,0.0,0.0,0.0,0.0,0.0
8053475328,2016-05-09,12465,9.38000011444092,9.38000011444092,0.0,6.11999988555908,0.569999992847443,2.69000005722046,0.0,66,12,148,1214,2765,2016-05-09,0.0,0.0,370.0,0.25694445833333335,0.0,0.0,0.0,0.0,0.0
8053475328,2016-05-10,14810,11.3599996566772,11.3599996566772,0.0,9.09000015258789,0.419999986886978,1.85000002384186,0.0,96,10,115,1219,2926,2016-05-10,0.0,0.0,423.0,0.29375,0.0,0.0,0.0,0.0,0.0
8053475328,2016-05-11,12209,9.39999961853027,9.39999961853027,0.0,6.07999992370605,0.280000001192093,3.03999996185303,0.0,60,7,184,1189,2809,2016-05-11,0.0,0.0,378.0,0.2625000416666667,0.0,0.0,0.0,0.0,0.0
8053475328,2016-05-12,4998,3.91000008583069,3.91000008583069,0.0,2.95000004768372,0.200000002980232,0.759999990463257,0.0,28,4,39,839,1505,2016-05-12,0.0,0.0,130.0,0.14444439999999997,0.0,0.0,0.0,0.0,0.0
8253242879,2016-04-12,9033,7.15999984741211,7.15999984741211,0.0,5.42999982833862,0.140000000596046,1.5900000333786,0.0,40,2,154,1244,2044,2016-04-12,0.0,0.0,278.0,0.19305550000000002,0.0,0.0,0.0,0.0,0.0
8253242879,2016-04-13,8053,6.09999990463257,6.09999990463257,0.0,4.17000007629395,0.629999995231628,1.30999994277954,0.0,35,11,96,1298,1935,2016-04-13,0.0,0.0,223.0,0.15486108333333334,0.0,0.0,0.0,0.0,0.0
8253242879,2016-04-14,5234,3.46000003814697,3.46000003814697,0.0,1.92999994754791,0.990000009536743,0.540000021457672,0.0,29,16,33,1362,1705,2016-04-14,0.0,0.0,152.0,0.10555554166666666,0.0,0.0,0.0,0.0,0.0
8253242879,2016-04-15,2672,1.76999998092651,1.76999998092651,0.0,0.0,0.0,1.75999999046326,0.0,0,0,105,1335,1632,2016-04-15,0.0,0.0,105.0,0.07291666666666667,0.0,0.0,0.0,0.0,0.0
8253242879,2016-04-16,9256,6.1399998664856,6.1399998664856,0.0,0.430000007152557,3.26999998092651,2.45000004768372,0.0,6,51,115,1268,1880,2016-04-16,0.0,0.0,235.0,0.16319441666666668,0.0,0.0,0.0,0.0,0.0
8253242879,2016-04-17,10204,7.90999984741211,7.90999984741211,0.0,5.42999982833862,0.150000005960464,2.32999992370605,0.0,41,5,157,1237,2112,2016-04-17,0.0,0.0,290.0,0.20138883333333332,0.0,0.0,0.0,0.0,0.0
8253242879,2016-04-18,5151,3.48000001907349,3.48000001907349,0.0,1.03999996185303,0.629999995231628,1.79999995231628,0.0,16,16,130,1278,1829,2016-04-18,0.0,0.0,210.0,0.14583337500000002,0.0,0.0,0.0,0.0,0.0
8253242879,2016-04-19,4212,2.77999997138977,2.77999997138977,0.0,0.0,0.0,2.77999997138977,0.0,0,0,164,1276,1763,2016-04-19,0.0,0.0,164.0,0.11388891666666667,0.0,0.0,0.0,0.0,0.0
8253242879,2016-04-20,6466,4.26999998092651,4.26999998092651,0.0,0.330000013113022,0.819999992847443,3.10999989509583,0.0099999997764825,5,18,216,1201,1931,2016-04-20,0.0,0.0,267.0,0.18541670833333335,0.0,0.0,0.0,0.0,0.0
8253242879,2016-04-21,11268,8.5600004196167,8.5600004196167,0.0,5.88000011444092,0.930000007152557,1.75,0.0,49,20,172,1199,2218,2016-04-21,0.0,0.0,359.0,0.24930558333333333,0.0,0.0,0.0,0.0,0.0
8253242879,2016-04-22,2824,1.87000000476837,1.87000000476837,0.0,0.0,0.0,1.87000000476837,0.0,0,0,120,1320,1651,2016-04-22,0.0,0.0,120.0,0.08333329166666667,0.0,0.0,0.0,0.0,0.0
8253242879,2016-04-23,9282,6.26000022888184,6.26000022888184,0.0,2.08999991416931,1.03999996185303,3.13000011444092,0.0,30,26,191,1193,2132,2016-04-23,0.0,0.0,333.0,0.23124999999999998,0.0,0.0,0.0,0.0,0.0
8253242879,2016-04-24,8905,7.13000011444092,7.13000011444092,0.0,5.59999990463257,0.189999997615814,1.3400000333786,0.0,41,4,82,1313,1976,2016-04-24,0.0,0.0,213.0,0.14791666666666667,0.0,0.0,0.0,0.0,0.0
8253242879,2016-04-25,6829,4.51000022888184,4.51000022888184,0.0,0.360000014305115,2.39000010490417,1.76999998092651,0.0,7,54,118,1261,1909,2016-04-25,0.0,0.0,247.0,0.17152783333333332,0.0,0.0,0.0,0.0,0.0
8253242879,2016-04-26,4562,3.03999996185303,3.03999996185303,0.0,1.17999994754791,0.490000009536743,1.37000000476837,0.0,19,14,108,1299,1813,2016-04-26,0.0,0.0,193.0,0.13402779166666667,0.0,0.0,0.0,0.0,0.0
8253242879,2016-04-27,10232,8.18000030517578,8.18000030517578,0.0,6.23999977111816,0.230000004172325,1.70000004768372,0.0,45,5,104,1286,2008,2016-04-27,0.0,0.0,249.0,0.1729167083333333,0.0,0.0,0.0,0.0,0.0
8253242879,2016-04-28,2718,1.79999995231628,1.79999995231628,0.0,0.670000016689301,0.779999971389771,0.340000003576279,0.0,11,16,20,1393,1580,2016-04-28,0.0,0.0,85.0,0.05902779166666667,0.0,0.0,0.0,0.0,0.0
8253242879,2016-04-29,6260,4.26000022888184,4.26000022888184,0.0,1.28999996185303,0.540000021457672,2.40000009536743,0.0,16,14,136,1257,1854,2016-04-29,0.0,0.0,202.0,0.14637678260869566,0.0,0.0,0.0,0.0,0.0
8378563200,2016-04-12,7626,6.05000019073486,6.05000019073486,2.25308108329773,0.829999983310699,0.709999978542328,4.5,0.0,65,15,156,723,3635,2016-04-12,338.0,356.0,381.0,0.264583375,0.0,0.0,0.0,0.0,0.0
8378563200,2016-04-13,12386,9.81999969482422,9.81999969482422,2.0921471118927,4.96000003814697,0.649999976158142,4.21000003814697,0.0,116,14,169,680,4079,2016-04-13,447.0,487.0,545.0,0.37847216666666667,0.0,0.0,0.0,0.0,0.0
8378563200,2016-04-14,13318,10.5600004196167,10.5600004196167,2.25308108329773,5.61999988555908,1.02999997138977,3.91000008583069,0.0,123,21,174,699,4163,2016-04-14,424.0,455.0,585.0,0.40625,0.0,0.0,0.0,0.0,0.0
8378563200,2016-04-15,14461,11.4700002670288,11.4700002670288,0.0,4.90999984741211,1.14999997615814,5.40999984741211,0.0,60,23,190,729,3666,2016-04-15,513.0,533.0,416.0,0.28888891666666666,0.0,0.0,0.0,0.0,0.0
8378563200,2016-04-16,11207,8.89000034332275,8.89000034332275,0.0,5.36999988555908,1.07000005245209,2.44000005722046,0.0,64,21,142,563,3363,2016-04-16,611.0,689.0,376.0,0.261111125,0.0,0.0,0.0,0.0,0.0
8378563200,2016-04-17,2132,1.69000005722046,1.69000005722046,0.0,0.0,0.0,1.69000005722046,0.0,0,0,93,599,2572,2016-04-17,525.0,591.0,93.0,0.06458325,0.0,0.0,0.0,0.0,0.0
8378563200,2016-04-18,13630,10.8100004196167,10.8100004196167,2.0921471118927,5.05000019073486,0.560000002384186,5.19999980926514,0.0,117,10,174,720,4157,2016-04-18,398.0,451.0,545.0,0.3784722916666667,0.0,0.0,0.0,0.0,0.0
8378563200,2016-04-19,13070,10.3599996566772,10.3599996566772,2.25308108329773,5.30000019073486,0.879999995231628,4.17999982833862,0.0,120,19,154,737,4092,2016-04-19,387.0,421.0,552.0,0.38333325,0.0,0.0,0.0,0.0,0.0
8378563200,2016-04-20,9388,7.44000005722046,7.44000005722046,2.0921471118927,2.23000001907349,0.439999997615814,4.78000020980835,0.0,82,8,169,763,3787,2016-04-20,381.0,409.0,431.0,0.29930558333333335,0.0,0.0,0.0,0.0,0.0
8378563200,2016-04-21,15148,12.0100002288818,12.0100002288818,2.25308108329773,6.90000009536743,0.819999992847443,4.28999996185303,0.0,137,16,145,677,4236,2016-04-21,396.0,417.0,588.0,0.408333375,0.0,0.0,0.0,0.0,0.0
8378563200,2016-04-22,12200,9.67000007629395,9.67000007629395,2.0921471118927,4.90999984741211,0.589999973773956,4.17999982833862,0.0,113,12,159,769,4044,2016-04-22,441.0,469.0,522.0,0.36250000000000004,0.0,0.0,0.0,0.0,0.0
8378563200,2016-04-23,5709,4.53000020980835,4.53000020980835,0.0,1.51999998092651,0.519999980926514,2.48000001907349,0.0,19,10,136,740,2908,2016-04-23,565.0,591.0,213.0,0.147916625,0.0,0.0,0.0,0.0,0.0
8378563200,2016-04-24,3703,2.94000005722046,2.94000005722046,0.0,0.0,0.0,2.94000005722046,0.0,0,0,135,734,2741,2016-04-24,458.0,492.0,135.0,0.09375004166666667,0.0,0.0,0.0,0.0,0.0
8378563200,2016-04-25,12405,9.84000015258789,9.84000015258789,2.0921471118927,5.05000019073486,0.870000004768372,3.92000007629395,0.0,117,16,141,692,4005,2016-04-25,388.0,402.0,524.0,0.3638889166666666,0.0,0.0,0.0,0.0,0.0
8378563200,2016-04-26,16208,12.8500003814697,12.8500003814697,0.0,7.51000022888184,0.920000016689301,4.42000007629395,0.0,90,18,161,593,3763,2016-04-26,550.0,584.0,467.0,0.324305625,0.0,0.0,0.0,0.0,0.0
8378563200,2016-04-27,7359,5.84000015258789,5.84000015258789,0.0,0.330000013113022,0.180000007152557,5.32999992370605,0.0,4,4,192,676,3061,2016-04-27,531.0,600.0,212.0,0.14722220833333333,0.0,0.0,0.0,0.0,0.0
8378563200,2016-04-28,5417,4.30000019073486,4.30000019073486,0.0,0.899999976158142,0.490000009536743,2.91000008583069,0.0,11,10,139,711,2884,2016-04-28,506.0,556.0,192.0,0.13333333333333333,0.0,0.0,0.0,0.0,0.0
8378563200,2016-04-29,6175,4.90000009536743,4.90000009536743,0.0,0.25,0.360000014305115,4.26999998092651,0.0,3,7,172,767,2982,2016-04-29,527.0,562.0,195.0,0.13541666666666666,0.0,0.0,0.0,0.0,0.0
8378563200,2016-04-30,2946,2.33999991416931,2.33999991416931,0.0,0.0,0.0,2.33999991416931,0.0,0,0,121,780,2660,2016-04-30,468.0,555.0,121.0,0.08402783333333334,0.0,0.0,0.0,0.0,0.0
8378563200,2016-05-01,11419,9.0600004196167,9.0600004196167,0.0,6.03000020980835,0.560000002384186,2.47000002861023,0.0,71,10,127,669,3369,2016-05-01,475.0,539.0,360.0,0.249999875,0.0,0.0,0.0,0.0,0.0
8378563200,2016-05-02,6064,4.80999994277954,4.80999994277954,2.0921471118927,0.629999995231628,0.170000001788139,4.01000022888184,0.0,63,4,142,802,3491,2016-05-02,351.0,385.0,339.0,0.23541662500000002,0.0,0.0,0.0,0.0,0.0
8378563200,2016-05-03,8712,6.90999984741211,6.90999984741211,2.25308108329773,1.3400000333786,1.05999994277954,4.5,0.0,71,20,195,822,3784,2016-05-03,405.0,429.0,448.0,0.311111125,0.0,0.0,0.0,0.0,0.0
8378563200,2016-05-04,7875,6.23999977111816,6.23999977111816,0.0,1.55999994277954,0.490000009536743,4.19999980926514,0.0,19,10,167,680,3110,2016-05-04,441.0,477.0,244.0,0.16944454166666667,0.0,0.0,0.0,0.0,0.0
8378563200,2016-05-05,8567,6.78999996185303,6.78999996185303,2.25308108329773,0.889999985694885,0.159999996423721,5.73999977111816,0.0,66,3,214,764,3783,2016-05-05,381.0,417.0,418.0,0.29027783333333335,0.0,0.0,0.0,0.0,0.0
8378563200,2016-05-06,7045,5.59000015258789,5.59000015258789,2.0921471118927,1.54999995231628,0.25,3.77999997138977,0.0,74,5,166,831,3644,2016-05-06,323.0,355.0,398.0,0.27638887500000003,0.0,0.0,0.0,0.0,0.0
8378563200,2016-05-07,4468,3.53999996185303,3.53999996185303,0.0,0.0,0.0,3.53999996185303,0.0,0,0,158,851,2799,2016-05-07,459.0,513.0,158.0,0.10972233333333332,0.0,0.0,0.0,0.0,0.0
8378563200,2016-05-08,2943,2.32999992370605,2.32999992370605,0.0,0.0,0.0,2.32999992370605,0.0,0,0,139,621,2685,2016-05-08,545.0,606.0,139.0,0.09652775000000001,0.0,0.0,0.0,0.0,0.0
8378563200,2016-05-09,8382,6.65000009536743,6.65000009536743,2.0921471118927,1.26999998092651,0.660000026226044,4.71999979019165,0.0,71,13,171,772,3721,2016-05-09,359.0,399.0,410.0,0.28472220833333334,0.0,0.0,0.0,0.0,0.0
8378563200,2016-05-10,6582,5.21999979019165,5.21999979019165,2.25308108329773,0.660000026226044,0.639999985694885,3.92000007629395,0.0,63,13,152,840,3586,2016-05-10,342.0,391.0,367.0,0.25486108333333335,0.0,0.0,0.0,0.0,0.0
8378563200,2016-05-11,9143,7.25,7.25,2.0921471118927,1.38999998569489,0.589999973773956,5.26999998092651,0.0,72,10,184,763,3788,2016-05-11,368.0,387.0,420.0,0.29166670833333336,0.0,0.0,0.0,0.0,0.0
8378563200,2016-05-12,4561,3.61999988555908,3.61999988555908,0.0,0.649999976158142,0.270000010728836,2.69000005722046,0.0,8,6,102,433,1976,2016-05-12,496.0,546.0,127.0,0.14111120000000002,0.0,0.0,0.0,0.0,0.0
8583815059,2016-04-12,5014,3.91000008583069,3.91000008583069,0.0,0.0,0.330000013113022,3.57999992370605,0.0,0,7,196,1237,2650,2016-04-12,0.0,0.0,210.0,0.14583337500000002,0.0,0.0,0.0,0.0,0.0
8583815059,2016-04-13,5571,4.34999990463257,4.34999990463257,0.0,0.150000005960464,0.970000028610229,3.23000001907349,0.0,2,23,163,1252,2654,2016-04-13,0.0,0.0,215.0,0.14930558333333335,0.0,0.0,0.0,0.0,0.0
8583815059,2016-04-14,3135,2.45000004768372,2.45000004768372,0.0,0.0,0.0,2.4300000667572,0.0,0,0,134,1306,2443,2016-04-14,0.0,0.0,134.0,0.09305558333333334,0.0,0.0,0.0,0.0,0.0
8583815059,2016-04-15,3430,2.6800000667572,2.6800000667572,0.0,0.0,0.0,0.899999976158142,0.0,0,0,65,1375,2505,2016-04-15,0.0,0.0,65.0,0.04513883333333333,0.0,0.0,0.0,0.0,0.0
8583815059,2016-04-18,3864,3.00999999046326,3.00999999046326,0.0,0.310000002384186,1.05999994277954,1.35000002384186,0.0,4,22,105,1309,2536,2016-04-18,0.0,0.0,161.0,0.1118055,0.0,0.0,0.0,0.0,0.0
8583815059,2016-04-19,5697,4.44000005722046,4.44000005722046,0.0,0.529999971389771,0.479999989271164,3.44000005722046,0.0,7,10,166,1257,2668,2016-04-19,0.0,0.0,207.0,0.14375000000000002,0.0,0.0,0.0,0.0,0.0
8583815059,2016-04-20,5273,4.1100001335144,4.1100001335144,0.0,0.0,1.03999996185303,3.0699999332428,0.0,0,27,167,1246,2647,2016-04-20,0.0,0.0,221.0,0.15347220833333333,0.0,0.0,0.0,0.0,0.0
8583815059,2016-04-21,8538,6.65999984741211,6.65999984741211,0.0,2.63000011444092,1.01999998092651,3.00999999046326,0.0,35,18,158,1229,2883,2016-04-21,0.0,0.0,299.0,0.20763883333333333,0.0,0.0,0.0,0.0,0.0
8583815059,2016-04-22,8687,6.78000020980835,6.78000020980835,0.0,0.28999999165535,2.41000008583069,4.07999992370605,0.0,4,54,212,1170,2944,2016-04-22,0.0,0.0,332.0,0.23055558333333334,0.0,0.0,0.0,0.0,0.0
8583815059,2016-04-23,9423,7.34999990463257,7.34999990463257,0.0,0.529999971389771,2.02999997138977,4.75,0.0,7,44,238,1151,3012,2016-04-23,0.0,0.0,347.0,0.24097220833333333,0.0,0.0,0.0,0.0,0.0
8583815059,2016-04-24,8286,6.46000003814697,6.46000003814697,0.0,0.150000005960464,2.04999995231628,4.26999998092651,0.0,2,44,206,1188,2889,2016-04-24,0.0,0.0,300.0,0.20833337500000002,0.0,0.0,0.0,0.0,0.0
8583815059,2016-04-25,4503,3.50999999046326,3.50999999046326,0.0,1.47000002861023,0.239999994635582,1.80999994277954,0.0,18,6,122,1294,2547,2016-04-25,0.0,0.0,188.0,0.13055550000000002,0.0,0.0,0.0,0.0,0.0
8583815059,2016-04-26,10499,8.1899995803833,8.1899995803833,0.0,0.0700000002980232,4.21999979019165,3.89000010490417,0.0,1,91,214,1134,3093,2016-04-26,0.0,0.0,399.0,0.2770833333333333,0.0,0.0,0.0,0.0,0.0
8583815059,2016-04-27,12474,9.72999954223633,9.72999954223633,0.0,6.59999990463257,0.270000010728836,2.86999988555908,0.0,77,5,129,1229,3142,2016-04-27,0.0,0.0,370.0,0.2569445,0.0,0.0,0.0,0.0,0.0
8583815059,2016-04-28,6174,4.82000017166138,4.82000017166138,0.0,0.0,1.20000004768372,3.60999989509583,0.0,0,28,203,1209,2757,2016-04-28,0.0,0.0,259.0,0.17986100000000002,0.0,0.0,0.0,0.0,0.0
8583815059,2016-04-29,15168,11.8299999237061,11.8299999237061,0.0,3.90000009536743,3.0,4.92000007629395,0.0,46,67,258,1069,3513,2016-04-29,0.0,0.0,530.0,0.368055625,0.0,0.0,0.0,0.0,0.0
8583815059,2016-04-30,10085,7.86999988555908,7.86999988555908,0.0,0.150000005960464,1.27999997138977,6.42999982833862,0.0,2,28,317,1093,3164,2016-04-30,0.0,0.0,379.0,0.2631944583333333,0.0,0.0,0.0,0.0,0.0
8583815059,2016-05-01,4512,3.51999998092651,3.51999998092651,0.0,0.779999971389771,0.119999997317791,2.03999996185303,0.0,10,2,117,1311,2596,2016-05-01,0.0,0.0,151.0,0.104861125,0.0,0.0,0.0,0.0,0.0
8583815059,2016-05-05,12427,9.6899995803833,9.6899995803833,0.0,0.0,0.0,1.17999994754791,0.0,0,0,70,1370,3266,2016-05-05,0.0,0.0,70.0,0.048611125000000005,0.0,0.0,0.0,0.0,0.0
8583815059,2016-05-06,5843,4.55999994277954,4.55999994277954,0.0,0.140000000596046,1.19000005722046,3.23000001907349,0.0,2,22,166,1250,2683,2016-05-06,0.0,0.0,216.0,0.15,0.0,0.0,0.0,0.0,0.0
8583815059,2016-05-07,6117,4.76999998092651,4.76999998092651,0.0,0.0,0.0,4.76999998092651,0.0,0,0,250,1190,2810,2016-05-07,0.0,0.0,250.0,0.173611125,0.0,0.0,0.0,0.0,0.0
8583815059,2016-05-08,9217,7.19000005722046,7.19000005722046,0.0,0.219999998807907,3.30999994277954,3.66000008583069,0.0,3,72,182,1183,2940,2016-05-08,0.0,0.0,335.0,0.23263883333333335,0.0,0.0,0.0,0.0,0.0
8583815059,2016-05-09,9877,7.69999980926514,7.69999980926514,0.0,5.76000022888184,0.170000001788139,1.73000001907349,0.0,66,4,110,1260,2947,2016-05-09,0.0,0.0,316.0,0.21944445833333334,0.0,0.0,0.0,0.0,0.0
8583815059,2016-05-10,8240,6.42999982833862,6.42999982833862,0.0,0.689999997615814,2.00999999046326,3.72000002861023,0.0,9,43,162,1226,2846,2016-05-10,0.0,0.0,275.0,0.19097220833333337,0.0,0.0,0.0,0.0,0.0
8583815059,2016-05-11,8701,6.78999996185303,6.78999996185303,0.0,0.370000004768372,3.24000000953674,3.17000007629395,0.0,5,71,177,1106,2804,2016-05-11,0.0,0.0,327.0,0.24772722727272728,0.0,0.0,0.0,0.0,0.0
8792009665,2016-04-12,2564,1.63999998569489,1.63999998569489,0.0,0.0,0.0,1.63999998569489,0.0,0,0,116,831,2044,2016-04-12,458.0,493.0,116.0,0.080555625,0.0,0.0,0.0,0.0,0.0
8792009665,2016-04-13,1320,0.839999973773956,0.839999973773956,0.0,0.0,0.0,0.839999973773956,0.0,0,0,82,806,1934,2016-04-13,531.0,552.0,82.0,0.0569445,0.0,0.0,0.0,0.0,0.0
8792009665,2016-04-14,1219,0.779999971389771,0.779999971389771,0.0,0.0,0.0,0.779999971389771,0.0,0,0,84,853,1963,2016-04-14,486.0,503.0,84.0,0.058333416666666665,0.0,0.0,0.0,0.0,0.0
8792009665,2016-04-15,2483,1.5900000333786,1.5900000333786,0.0,0.0,0.0,1.5900000333786,0.0,0,0,126,937,2009,2016-04-15,363.0,377.0,126.0,0.08750004166666668,0.0,0.0,0.0,0.0,0.0
8792009665,2016-04-16,244,0.159999996423721,0.159999996423721,0.0,0.0,0.0,0.159999996423721,0.0,0,0,12,1428,1721,2016-04-16,0.0,0.0,12.0,0.008333333333333333,0.0,0.0,0.0,0.0,0.0
8792009665,2016-04-20,3147,2.00999999046326,2.00999999046326,0.0,0.0,0.280000001192093,1.74000000953674,0.0,0,10,139,744,2188,2016-04-20,528.0,547.0,159.0,0.11041666666666666,0.0,0.0,0.0,0.0,0.0
8792009665,2016-04-21,144,0.0900000035762787,0.0900000035762787,0.0,0.0,0.0,0.0900000035762787,0.0,0,0,9,1431,1720,2016-04-21,0.0,0.0,9.0,0.0062499999999999995,0.0,0.0,0.0,0.0,0.0
8792009665,2016-04-22,4068,2.59999990463257,2.59999990463257,0.0,0.0500000007450581,0.280000001192093,2.26999998092651,0.0,1,20,195,817,2419,2016-04-22,391.0,407.0,238.0,0.165277875,0.0,0.0,0.0,0.0,0.0
8792009665,2016-04-23,5245,3.35999989509583,3.35999989509583,0.0,0.159999996423721,0.439999997615814,2.75,0.0,8,45,232,795,2748,2016-04-23,339.0,360.0,346.0,0.24027779166666666,0.0,0.0,0.0,0.0,0.0
8792009665,2016-04-24,400,0.259999990463257,0.259999990463257,0.0,0.0399999991059303,0.0500000007450581,0.159999996423721,0.0,3,8,19,1410,1799,2016-04-24,0.0,0.0,44.0,0.03055554166666667,0.0,0.0,0.0,0.0,0.0
8792009665,2016-04-26,1321,0.850000023841858,0.850000023841858,0.0,0.0,0.0,0.850000023841858,0.0,0,0,80,1360,1928,2016-04-26,0.0,0.0,80.0,0.05555554166666667,0.0,0.0,0.0,0.0,0.0
8792009665,2016-04-27,1758,1.12999999523163,1.12999999523163,0.0,0.0,0.0,1.12999999523163,0.0,0,0,112,900,2067,2016-04-27,423.0,428.0,112.0,0.07777775,0.0,0.0,0.0,0.0,0.0
8792009665,2016-04-28,6157,3.94000005722046,3.94000005722046,0.0,0.0,0.0,3.94000005722046,0.0,0,0,310,714,2780,2016-04-28,402.0,416.0,310.0,0.21527775000000002,0.0,0.0,0.0,0.0,0.0
8792009665,2016-04-29,8360,5.34999990463257,5.34999990463257,0.0,0.140000000596046,0.280000001192093,4.92999982833862,0.0,6,14,380,634,3101,2016-04-29,398.0,406.0,426.0,0.295833375,0.0,0.0,0.0,0.0,0.0
8792009665,2016-04-30,7174,4.59000015258789,4.59000015258789,0.0,0.330000013113022,0.360000014305115,3.91000008583069,0.0,10,20,301,749,2896,2016-04-30,343.0,360.0,371.0,0.2576388333333333,0.0,0.0,0.0,0.0,0.0
8792009665,2016-05-01,1619,1.03999996185303,1.03999996185303,0.0,0.0,0.0,1.03999996185303,0.0,0,0,79,834,1962,2016-05-01,503.0,527.0,79.0,0.05486108333333334,0.0,0.0,0.0,0.0,0.0
8792009665,2016-05-02,1831,1.16999995708466,1.16999995708466,0.0,0.0,0.0,1.16999995708466,0.0,0,0,101,916,2015,2016-05-02,415.0,423.0,101.0,0.07013891666666668,0.0,0.0,0.0,0.0,0.0
8792009665,2016-05-03,2421,1.54999995231628,1.54999995231628,0.0,0.0,0.0,1.54999995231628,0.0,0,0,156,739,2297,2016-05-03,516.0,545.0,156.0,0.10833337500000001,0.0,0.0,0.0,0.0,0.0
8792009665,2016-05-04,2283,1.46000003814697,1.46000003814697,0.0,0.0,0.0,1.46000003814697,0.0,0,0,129,848,2067,2016-05-04,439.0,463.0,129.0,0.08958333333333333,0.0,0.0,0.0,0.0,0.0
8792009665,2016-05-10,0,0.0,0.0,0.0,0.0,0.0,0.0,0.0,0,0,0,48,57,2016-05-10,0.0,0.0,0.0,0.0,0.0,0.0,0.0,0.0,0.0
8877689391,2016-04-12,23186,20.3999996185303,20.3999996185303,0.0,12.2200002670288,0.340000003576279,7.82000017166138,0.0,85,7,312,1036,3921,2016-04-12,0.0,0.0,581.0,0.4034721666666667,0.0,0.0,0.0,85.8000030517578,25.6800003051758
8877689391,2016-04-13,15337,9.57999992370605,9.57999992370605,0.0,3.54999995231628,0.379999995231628,5.6399998664856,0.0,108,18,216,1098,3566,2016-04-13,0.0,0.0,576.0,0.39999999999999997,0.0,0.0,0.0,84.9000015258789,25.4099998474121
8877689391,2016-04-14,21129,18.9799995422363,18.9799995422363,0.0,10.5500001907349,0.589999973773956,7.75,0.0199999995529652,68,13,298,1061,3793,2016-04-14,0.0,0.0,528.0,0.36666662499999997,0.0,0.0,0.0,84.5,25.3099994659424
8877689391,2016-04-15,13422,7.17000007629395,7.17000007629395,0.0,0.0500000007450581,0.0500000007450581,7.01000022888184,0.0099999997764825,106,1,281,1052,3934,2016-04-15,0.0,0.0,601.0,0.417361125,0.0,0.0,0.0,0.0,0.0
8877689391,2016-04-16,29326,25.2900009155273,25.2900009155273,0.0,13.2399997711182,1.21000003814697,10.710000038147,0.0,94,29,429,888,4547,2016-04-16,0.0,0.0,769.0,0.53402775,0.0,0.0,0.0,85.5,25.5900001525879
8877689391,2016-04-17,15118,8.86999988555908,8.86999988555908,0.0,0.0,0.0700000002980232,8.78999996185303,0.0,58,15,307,1060,3545,2016-04-17,0.0,0.0,511.0,0.354861125,0.0,0.0,0.0,0.0,0.0
8877689391,2016-04-18,11423,8.67000007629395,8.67000007629395,0.0,2.44000005722046,0.270000010728836,5.94000005722046,0.0,29,5,191,1215,2761,2016-04-18,0.0,0.0,288.0,0.19999999999999998,0.0,0.0,0.0,85.8000030517578,25.6800003051758
8877689391,2016-04-19,18785,17.3999996185303,17.3999996185303,0.0,12.1499996185303,0.180000007152557,5.03000020980835,0.0,82,13,214,1131,3676,2016-04-19,0.0,0.0,486.0,0.3375000416666667,0.0,0.0,0.0,85.3000030517578,25.5300006866455
8877689391,2016-04-20,19948,18.1100006103516,18.1100006103516,0.0,11.0200004577637,0.689999997615814,6.34000015258789,0.0,73,19,225,1123,3679,2016-04-20,0.0,0.0,482.0,0.3347222083333334,0.0,0.0,0.0,84.9000015258789,25.4099998474121
8877689391,2016-04-21,19377,17.6200008392334,17.6200008392334,0.0,12.289999961853,0.419999986886978,4.8899998664856,0.0,82,13,226,1119,3659,2016-04-21,0.0,0.0,498.0,0.34583329166666665,0.0,0.0,0.0,84.5,25.2900009155273
8877689391,2016-04-22,18258,16.3099994659424,16.3099994659424,0.0,10.2299995422363,0.0299999993294477,5.96999979019165,0.0500000007450581,61,2,236,1141,3427,2016-04-22,0.0,0.0,423.0,0.29374995833333334,0.0,0.0,0.0,0.0,0.0
8877689391,2016-04-23,11200,7.42999982833862,7.42999982833862,0.0,0.0,0.0,7.40000009536743,0.0099999997764825,102,6,300,1032,3891,2016-04-23,0.0,0.0,618.0,0.4291666666666667,0.0,0.0,0.0,85.5,25.5900001525879
8877689391,2016-04-24,16674,15.7399997711182,15.7399997711182,0.0,11.0100002288818,0.0099999997764825,4.69000005722046,0.0,64,1,227,1148,3455,2016-04-24,0.0,0.0,421.0,0.292361125,0.0,0.0,0.0,85.5,25.5900001525879
8877689391,2016-04-25,12986,8.73999977111816,8.73999977111816,0.0,2.36999988555908,0.0700000002980232,6.26999998092651,0.0099999997764825,113,8,218,1101,3802,2016-04-25,0.0,0.0,573.0,0.3979167083333333,0.0,0.0,0.0,85.4000015258789,25.5599994659424
8877689391,2016-04-26,11101,8.43000030517578,8.43000030517578,0.0,1.75999999046326,0.129999995231628,6.5,0.0,22,3,258,1157,2860,2016-04-26,0.0,0.0,330.0,0.22916666666666666,0.0,0.0,0.0,85.0999984741211,25.4899997711182
8877689391,2016-04-27,23629,20.6499996185303,20.6499996185303,0.0,13.0699996948242,0.439999997615814,7.09999990463257,0.0,93,8,235,1104,3808,2016-04-27,0.0,0.0,530.0,0.36805554166666665,0.0,0.0,0.0,85.4000015258789,25.5599994659424
8877689391,2016-04-28,14890,11.3000001907349,11.3000001907349,0.0,4.92999982833862,0.379999995231628,5.96999979019165,0.0,58,8,231,1143,3060,2016-04-28,0.0,0.0,421.0,0.2923610833333333,0.0,0.0,0.0,85.0999984741211,25.4899997711182
8877689391,2016-04-29,9733,7.3899998664856,7.3899998664856,0.0,1.37999999523163,0.170000001788139,5.78999996185303,0.0,18,5,210,1207,2698,2016-04-29,0.0,0.0,274.0,0.19027779166666667,0.0,0.0,0.0,84.9000015258789,25.4099998474121
8877689391,2016-04-30,27745,26.7199993133545,26.7199993133545,0.0,21.6599998474121,0.0799999982118607,4.92999982833862,0.0,124,4,223,1089,4398,2016-04-30,0.0,0.0,603.0,0.4187500833333333,0.0,0.0,0.0,85.5,25.5900001525879
8877689391,2016-05-01,10930,8.31999969482422,8.31999969482422,0.0,3.13000011444092,0.569999992847443,4.57000017166138,0.0,36,12,166,1226,2786,2016-05-01,0.0,0.0,298.0,0.20694441666666666,0.0,0.0,0.0,85.3000030517578,25.5300006866455
8877689391,2016-05-02,4790,3.64000010490417,3.64000010490417,0.0,0.0,0.0,3.55999994277954,0.0,0,0,105,1335,2189,2016-05-02,0.0,0.0,105.0,0.07291666666666667,0.0,0.0,0.0,0.0,0.0
8877689391,2016-05-03,10818,8.21000003814697,8.21000003814697,0.0,1.38999998569489,0.100000001490116,6.67000007629395,0.0099999997764825,19,3,229,1189,2817,2016-05-03,0.0,0.0,292.0,0.20277775,0.0,0.0,0.0,84.9000015258789,25.4099998474121
8877689391,2016-05-04,18193,16.2999992370605,16.2999992370605,0.0,10.4200000762939,0.310000002384186,5.53000020980835,0.0,66,8,212,1154,3477,2016-05-04,0.0,0.0,426.0,0.29583329166666666,0.0,0.0,0.0,84.4000015258789,25.2600002288818
8877689391,2016-05-05,14055,10.6700000762939,10.6700000762939,0.0,5.46000003814697,0.819999992847443,4.36999988555908,0.0,67,15,188,1170,3052,2016-05-05,0.0,0.0,419.0,0.2909722083333333,0.0,0.0,0.0,0.0,0.0
8877689391,2016-05-06,21727,19.3400001525879,19.3400001525879,0.0,12.789999961853,0.28999999165535,6.15999984741211,0.0,96,17,232,1095,4015,2016-05-06,0.0,0.0,554.0,0.3847222083333333,0.0,0.0,0.0,85.0,25.4400005340576
8877689391,2016-05-07,12332,8.13000011444092,8.13000011444092,0.0,0.0799999982118607,0.959999978542328,6.98999977111816,0.0,105,28,271,1036,4142,2016-05-07,0.0,0.0,642.0,0.4458333333333333,0.0,0.0,0.0,0.0,0.0
8877689391,2016-05-08,10686,8.10999965667725,8.10999965667725,0.0,1.08000004291534,0.200000002980232,6.80000019073486,0.0,17,4,245,1174,2847,2016-05-08,0.0,0.0,304.0,0.21111116666666666,0.0,0.0,0.0,85.4000015258789,25.5599994659424
8877689391,2016-05-09,20226,18.25,18.25,0.0,11.1000003814697,0.800000011920929,6.23999977111816,0.0500000007450581,73,19,217,1131,3710,2016-05-09,0.0,0.0,474.0,0.32916670833333334,0.0,0.0,0.0,85.5,25.6100006103516
8877689391,2016-05-10,10733,8.14999961853027,8.14999961853027,0.0,1.35000002384186,0.46000000834465,6.28000020980835,0.0,18,11,224,1187,2832,2016-05-10,0.0,0.0,300.0,0.20833329166666667,0.0,0.0,0.0,0.0,0.0
8877689391,2016-05-11,21420,19.5599994659424,19.5599994659424,0.0,13.2200002670288,0.409999996423721,5.8899998664856,0.0,88,12,213,1127,3832,2016-05-11,0.0,0.0,501.0,0.34791662500000003,0.0,0.0,0.0,85.4000015258789,25.5599994659424
8877689391,2016-05-12,8064,6.11999988555908,6.11999988555908,0.0,1.82000005245209,0.0399999991059303,4.25,0.0,23,1,137,770,1849,2016-05-12,0.0,0.0,197.0,0.21888893333333334,0.0,0.0,0.0,84.0,25.1399993896484
